[{"model": "store.author", "pk": 2, "fields": {"name": "ABBE PREVOST", "forname": "Antoine François"}}, {"model": "store.author", "pk": 3, "fields": {"name": "ADAM", "forname": "Remi"}}, {"model": "store.author", "pk": 4, "fields": {"name": "AFEISSA", "forname": "Hicham-Stéphane"}}, {"model": "store.author", "pk": 5, "fields": {"name": "AGULHON", "forname": "Maurice"}}, {"model": "store.author", "pk": 7, "fields": {"name": "ABBE PREVOST", "forname": "Antoine François"}}, {"model": "store.author", "pk": 8, "fields": {"name": "ADAM", "forname": "Remi"}}, {"model": "store.author", "pk": 9, "fields": {"name": "AFEISSA", "forname": "Hicham-Stéphane"}}, {"model": "store.author", "pk": 10, "fields": {"name": "AGULHON", "forname": "Maurice"}}, {"model": "store.author", "pk": 11, "fields": {"name": "alii", "forname": null}}, {"model": "store.author", "pk": 12, "fields": {"name": "ALLEMAGNA", "forname": "L."}}, {"model": "store.author", "pk": 13, "fields": {"name": "ALLIES", "forname": "S."}}, {"model": "store.author", "pk": 14, "fields": {"name": "ANDRIC", "forname": "Ivo"}}, {"model": "store.author", "pk": 15, "fields": {"name": "ANONYME", "forname": null}}, {"model": "store.author", "pk": 16, "fields": {"name": "ANOUILH", "forname": "Jean"}}, {"model": "store.author", "pk": 17, "fields": {"name": "ANWEILER", "forname": "Oskar"}}, {"model": "store.author", "pk": 18, "fields": {"name": "ARNOTHY", "forname": "Christine"}}, {"model": "store.author", "pk": 19, "fields": {"name": "ASTURIAS", "forname": "Miguel Angel"}}, {"model": "store.author", "pk": 20, "fields": {"name": "AUBERT", "forname": "Marie-Caroline"}}, {"model": "store.author", "pk": 21, "fields": {"name": "AUBRAC", "forname": "Lucie"}}, {"model": "store.author", "pk": 22, "fields": {"name": "AUDEGUY", "forname": "Stephan"}}, {"model": "store.author", "pk": 23, "fields": {"name": "AUDIN", "forname": "Michèle"}}, {"model": "store.author", "pk": 24, "fields": {"name": "AUROUSSEAU", "forname": "Nan"}}, {"model": "store.author", "pk": 25, "fields": {"name": "AUSTER", "forname": "Paul"}}, {"model": "store.author", "pk": 26, "fields": {"name": "AYME", "forname": "Marcel"}}, {"model": "store.author", "pk": 27, "fields": {"name": "AZAN", "forname": "Geneviève"}}, {"model": "store.author", "pk": 28, "fields": {"name": "AZEMA", "forname": "JP"}}, {"model": "store.author", "pk": 29, "fields": {"name": "BABEL", "forname": "Isaac"}}, {"model": "store.author", "pk": 30, "fields": {"name": "BABITZ", "forname": "Eve"}}, {"model": "store.author", "pk": 31, "fields": {"name": "BACHELAY", "forname": "Guillaume"}}, {"model": "store.author", "pk": 32, "fields": {"name": "BAKOUNINE", "forname": "Michel"}}, {"model": "store.author", "pk": 33, "fields": {"name": "BALDWIN ", "forname": "James"}}, {"model": "store.author", "pk": 34, "fields": {"name": "BALUKA", "forname": "Edmund"}}, {"model": "store.author", "pk": 35, "fields": {"name": "BALZAC (DE)", "forname": "Honoré"}}, {"model": "store.author", "pk": 36, "fields": {"name": "BARBERY", "forname": "Muriel"}}, {"model": "store.author", "pk": 37, "fields": {"name": "BARJAVEL", "forname": "René"}}, {"model": "store.author", "pk": 38, "fields": {"name": "BARON", "forname": "Xavier"}}, {"model": "store.author", "pk": 39, "fields": {"name": "BARRETT", "forname": "S.M."}}, {"model": "store.author", "pk": 40, "fields": {"name": "BARTHAS", "forname": "Louise"}}, {"model": "store.author", "pk": 41, "fields": {"name": "BAUBEROT", "forname": "Jean"}}, {"model": "store.author", "pk": 42, "fields": {"name": "BAUDELAIRE", "forname": "Charles"}}, {"model": "store.author", "pk": 43, "fields": {"name": "BAZIN", "forname": "Hervé"}}, {"model": "store.author", "pk": 44, "fields": {"name": "BEAUMARCHAIS (DE) CARON", "forname": "Pierre-Augustin"}}, {"model": "store.author", "pk": 45, "fields": {"name": "BEAUNE", "forname": "François"}}, {"model": "store.author", "pk": 46, "fields": {"name": "BECKER", "forname": "Jean-Jacques"}}, {"model": "store.author", "pk": 47, "fields": {"name": "BEEVOR", "forname": "Antony"}}, {"model": "store.author", "pk": 48, "fields": {"name": "BEGAUDEAU", "forname": "François"}}, {"model": "store.author", "pk": 49, "fields": {"name": "BERSTEIN", "forname": "Serge"}}, {"model": "store.author", "pk": 50, "fields": {"name": "BERTAUD", "forname": "Jean-Paul"}}, {"model": "store.author", "pk": 51, "fields": {"name": "BESSE", "forname": "Jean-Pierre"}}, {"model": "store.author", "pk": 52, "fields": {"name": "BIALOSZEWSKI", "forname": "Miron"}}, {"model": "store.author", "pk": 53, "fields": {"name": "BINET", "forname": "Laurent"}}, {"model": "store.author", "pk": 54, "fields": {"name": "BLIX", "forname": "Hans"}}, {"model": "store.author", "pk": 55, "fields": {"name": "BLOCH", "forname": "Gérard"}}, {"model": "store.author", "pk": 56, "fields": {"name": "BLUM", "forname": "Léon"}}, {"model": "store.author", "pk": 57, "fields": {"name": "BOIS", "forname": "Jacqueline"}}, {"model": "store.author", "pk": 58, "fields": {"name": "BONNEFOY", "forname": "Miguel"}}, {"model": "store.author", "pk": 59, "fields": {"name": "BOTELLA", "forname": "Louis"}}, {"model": "store.author", "pk": 60, "fields": {"name": "BOUGLE", "forname": "Fabien"}}, {"model": "store.author", "pk": 61, "fields": {"name": "BOUKHARINE", "forname": "Nicolas"}}, {"model": "store.author", "pk": 62, "fields": {"name": "BOUSSINESQ", "forname": "Jean"}}, {"model": "store.author", "pk": 63, "fields": {"name": "BOUTRIN", "forname": "Louis"}}, {"model": "store.author", "pk": 64, "fields": {"name": "BOWLES", "forname": "Jane et Paul"}}, {"model": "store.author", "pk": 65, "fields": {"name": "BOZARSLAN", "forname": "Hamit"}}, {"model": "store.author", "pk": 66, "fields": {"name": "BRANCO", "forname": "Juan"}}, {"model": "store.author", "pk": 67, "fields": {"name": "BRAUDEL", "forname": "Fernand"}}, {"model": "store.author", "pk": 68, "fields": {"name": "BRESSANT", "forname": "Marc"}}, {"model": "store.author", "pk": 69, "fields": {"name": "BRINK", "forname": "André"}}, {"model": "store.author", "pk": 70, "fields": {"name": "BROCHER", "forname": "Victorine"}}, {"model": "store.author", "pk": 71, "fields": {"name": "BRONTE", "forname": "Charlotte"}}, {"model": "store.author", "pk": 72, "fields": {"name": "BRONTE", "forname": "Emily"}}, {"model": "store.author", "pk": 73, "fields": {"name": "BROUE", "forname": "Pierre"}}, {"model": "store.author", "pk": 74, "fields": {"name": "BRYANT", "forname": "Louise"}}, {"model": "store.author", "pk": 75, "fields": {"name": "BUCK", "forname": "Pearl"}}, {"model": "store.author", "pk": 76, "fields": {"name": "BUONARROTI", "forname": "Philippe"}}, {"model": "store.author", "pk": 77, "fields": {"name": "BUSSI", "forname": "Michel"}}, {"model": "store.author", "pk": 78, "fields": {"name": "CADY STANTON", "forname": "Elizabeth"}}, {"model": "store.author", "pk": 79, "fields": {"name": "CAMUS", "forname": "Albert"}}, {"model": "store.author", "pk": 80, "fields": {"name": "CANNON", "forname": "James Patrick"}}, {"model": "store.author", "pk": 81, "fields": {"name": "CARCASSONNE", "forname": "Guy"}}, {"model": "store.author", "pk": 82, "fields": {"name": "CARLO", "forname": "STRENGER"}}, {"model": "store.author", "pk": 83, "fields": {"name": "CARON", "forname": "François"}}, {"model": "store.author", "pk": 84, "fields": {"name": "CASSARD", "forname": "Jean-Pierre"}}, {"model": "store.author", "pk": 85, "fields": {"name": "CASTAGNEZ", "forname": "Noëlline"}}, {"model": "store.author", "pk": 86, "fields": {"name": "CAVATERRA", "forname": "Eric"}}, {"model": "store.author", "pk": 87, "fields": {"name": "CAUVIN", "forname": "Patrick"}}, {"model": "store.author", "pk": 88, "fields": {"name": "CENDRARS", "forname": "Blaise"}}, {"model": "store.author", "pk": 89, "fields": {"name": "CEROVIC", "forname": "Stanko"}}, {"model": "store.author", "pk": 90, "fields": {"name": "CESBRON", "forname": "Gilbert"}}, {"model": "store.author", "pk": 91, "fields": {"name": "CHALAMOV", "forname": "Varlam Tikhonovitch"}}, {"model": "store.author", "pk": 92, "fields": {"name": "CHALANDON", "forname": "Sorj"}}, {"model": "store.author", "pk": 93, "fields": {"name": "CHARLE", "forname": "Christophe"}}, {"model": "store.author", "pk": 94, "fields": {"name": "CHASE", "forname": "Clifford"}}, {"model": "store.author", "pk": 95, "fields": {"name": "CHEIK", "forname": "Oumar Sissoko"}}, {"model": "store.author", "pk": 96, "fields": {"name": "CHEVALLIER", "forname": "Gabriel"}}, {"model": "store.author", "pk": 97, "fields": {"name": "CHODERLOS DE LACLOS", "forname": "Pierre-Ambroise-François"}}, {"model": "store.author", "pk": 98, "fields": {"name": "CHOMSKY", "forname": "Noam"}}, {"model": "store.author", "pk": 99, "fields": {"name": "CHRETIEN DE TROYES", "forname": null}}, {"model": "store.author", "pk": 100, "fields": {"name": "CHUZEVILLE", "forname": "Julien"}}, {"model": "store.author", "pk": 101, "fields": {"name": "CLAVEL", "forname": "Bernard"}}, {"model": "store.author", "pk": 102, "fields": {"name": "COATES", "forname": "Ta-Nehisi"}}, {"model": "store.author", "pk": 103, "fields": {"name": "COBB", "forname": "Humphrey"}}, {"model": "store.author", "pk": 104, "fields": {"name": "COLE", "forname": "Peter"}}, {"model": "store.author", "pk": 105, "fields": {"name": "COLLARD", "forname": "Cyril"}}, {"model": "store.author", "pk": 106, "fields": {"name": "COLLECTIF", "forname": null}}, {"model": "store.author", "pk": 107, "fields": {"name": "COLLOQUE 220é ANNIVERSAIRE DE 1789", "forname": null}}, {"model": "store.author", "pk": 108, "fields": {"name": "COMMISSION DEWEY", "forname": null}}, {"model": "store.author", "pk": 109, "fields": {"name": "CONAN DOYLE", "forname": "Arthur"}}, {"model": "store.author", "pk": 110, "fields": {"name": "CONDORCET", "forname": null}}, {"model": "store.author", "pk": 111, "fields": {"name": "CONDORCET (De Caritat)", "forname": "Jean-Antoine-Nicolas"}}, {"model": "store.author", "pk": 112, "fields": {"name": "CONFERENCE DU POI", "forname": null}}, {"model": "store.author", "pk": 113, "fields": {"name": "CONFERENCE DU POI (5è)", "forname": null}}, {"model": "store.author", "pk": 114, "fields": {"name": "CONFERENCE DU POI (6è)", "forname": null}}, {"model": "store.author", "pk": 115, "fields": {"name": "CONFIANT", "forname": "Raphaël"}}, {"model": "store.author", "pk": 116, "fields": {"name": "CONSTANT", "forname": "Benjamin"}}, {"model": "store.author", "pk": 117, "fields": {"name": "CORDILLOT", "forname": "Michel"}}, {"model": "store.author", "pk": 118, "fields": {"name": "CORM", "forname": "Georges"}}, {"model": "store.author", "pk": 119, "fields": {"name": "COUTURIER", "forname": "Louis"}}, {"model": "store.author", "pk": 120, "fields": {"name": "CUENOT", "forname": "Alain"}}, {"model": "store.author", "pk": 121, "fields": {"name": "D'ALEMBERT", "forname": "Jean le Rond"}}, {"model": "store.author", "pk": 122, "fields": {"name": "DAENINCKX", "forname": "Didier"}}, {"model": "store.author", "pk": 123, "fields": {"name": "DALLOZ  ", "forname": "Jacques"}}, {"model": "store.author", "pk": 124, "fields": {"name": "DAMBURY", "forname": "Gerty"}}, {"model": "store.author", "pk": 125, "fields": {"name": "DANOS", "forname": "Jacques"}}, {"model": "store.author", "pk": 126, "fields": {"name": "DARIEN", "forname": "Georges"}}, {"model": "store.author", "pk": 127, "fields": {"name": "DARWIN", "forname": "Charles"}}, {"model": "store.author", "pk": 128, "fields": {"name": "DASQUIE", "forname": "Guillaume"}}, {"model": "store.author", "pk": 129, "fields": {"name": "DAVIE", "forname": "Anne"}}, {"model": "store.author", "pk": 130, "fields": {"name": "DAVIS", "forname": "Angela"}}, {"model": "store.author", "pk": 131, "fields": {"name": "DE GOUGES", "forname": "Olympe"}}, {"model": "store.author", "pk": 132, "fields": {"name": "DEJEAN", "forname": "Xavier"}}, {"model": "store.author", "pk": 133, "fields": {"name": "DELARUE", "forname": "Jacques"}}, {"model": "store.author", "pk": 134, "fields": {"name": "DELEPINE", "forname": "Nicole"}}, {"model": "store.author", "pk": 135, "fields": {"name": "DELERM", "forname": "Philippe"}}, {"model": "store.author", "pk": 136, "fields": {"name": "DELORCA", "forname": "Frédéric"}}, {"model": "store.author", "pk": 137, "fields": {"name": "DELPERRIE DE BAYAC", "forname": "Jacques"}}, {"model": "store.author", "pk": 138, "fields": {"name": "DELTOMBE", "forname": "Thomas"}}, {"model": "store.author", "pk": 139, "fields": {"name": "DEMOULE", "forname": "Jean-Paul"}}, {"model": "store.author", "pk": 140, "fields": {"name": "DESCARTES", "forname": "René"}}, {"model": "store.author", "pk": 141, "fields": {"name": "DESPENTES", "forname": "Virginie"}}, {"model": "store.author", "pk": 142, "fields": {"name": "DEVIS", "forname": "Robert C."}}, {"model": "store.author", "pk": 143, "fields": {"name": "DIAZ DEL CASTILLO", "forname": "Bernal"}}, {"model": "store.author", "pk": 144, "fields": {"name": "DIDEROT", "forname": "Denis"}}, {"model": "store.author", "pk": 145, "fields": {"name": "DIVRY", "forname": "Sophie"}}, {"model": "store.author", "pk": 146, "fields": {"name": "DIOP", "forname": "Cheikhanta"}}, {"model": "store.author", "pk": 147, "fields": {"name": "DOMMANGET", "forname": "Maurice"}}, {"model": "store.author", "pk": 148, "fields": {"name": "DONNA", "forname": "Leon"}}, {"model": "store.author", "pk": 149, "fields": {"name": "DRAY", "forname": "Joss"}}, {"model": "store.author", "pk": 150, "fields": {"name": "DUBESSY", "forname": "Jean"}}, {"model": "store.author", "pk": 151, "fields": {"name": "DUMAS", "forname": "Alexandre"}}, {"model": "store.author", "pk": 152, "fields": {"name": "DUMONT", "forname": "Pierre"}}, {"model": "store.author", "pk": 153, "fields": {"name": "DUPRAT", "forname": "Emmanuel"}}, {"model": "store.author", "pk": 154, "fields": {"name": "DURAS", "forname": "Marguerite"}}, {"model": "store.author", "pk": 155, "fields": {"name": "DUVE (DE)  ", "forname": "Christian"}}, {"model": "store.author", "pk": 156, "fields": {"name": "ECO", "forname": "Umberto"}}, {"model": "store.author", "pk": 157, "fields": {"name": "ELIARD", "forname": "Michel"}}, {"model": "store.author", "pk": 158, "fields": {"name": "ENARD", "forname": "Mathias"}}, {"model": "store.author", "pk": 159, "fields": {"name": "ENCKELL", "forname": "Marianne"}}, {"model": "store.author", "pk": 160, "fields": {"name": "ENGELS", "forname": "Friedrich"}}, {"model": "store.author", "pk": 161, "fields": {"name": "EYSCHEN", "forname": "Christian"}}, {"model": "store.author", "pk": 162, "fields": {"name": "FAMULICKI", "forname": "Jean-Claude"}}, {"model": "store.author", "pk": 163, "fields": {"name": "FARAJ", "forname": "Bayrakdar"}}, {"model": "store.author", "pk": 164, "fields": {"name": "FAVIER", "forname": "Jean"}}, {"model": "store.author", "pk": 165, "fields": {"name": "FAYE", "forname": "Gaël"}}, {"model": "store.author", "pk": 166, "fields": {"name": "FEJTO", "forname": "François"}}, {"model": "store.author", "pk": 167, "fields": {"name": "FEL", "forname": "Jeremy"}}, {"model": "store.author", "pk": 168, "fields": {"name": "FLAUBERT", "forname": null}}, {"model": "store.author", "pk": 169, "fields": {"name": "FOLLETT", "forname": "Ken"}}, {"model": "store.author", "pk": 170, "fields": {"name": "FRANCE", "forname": "Anatole"}}, {"model": "store.author", "pk": 171, "fields": {"name": "FRAYSSE", "forname": "Liliane"}}, {"model": "store.author", "pk": 172, "fields": {"name": "FREUD", "forname": "Sigmund"}}, {"model": "store.author", "pk": 173, "fields": {"name": "FRISON-ROCHE", "forname": "Roger"}}, {"model": "store.author", "pk": 174, "fields": {"name": "FROMENT", "forname": "Alain"}}, {"model": "store.author", "pk": 175, "fields": {"name": "GARAT", "forname": "Anne-Marie"}}, {"model": "store.author", "pk": 176, "fields": {"name": "GATIGNON", "forname": "Stéphane"}}, {"model": "store.author", "pk": 177, "fields": {"name": "GAUCHET", "forname": "Marcel"}}, {"model": "store.author", "pk": 178, "fields": {"name": "GAWSEWITCH", "forname": "Jean-Claude"}}, {"model": "store.author", "pk": 179, "fields": {"name": "GEDDO", "forname": "Angelo"}}, {"model": "store.author", "pk": 180, "fields": {"name": "GENEVOIX", "forname": "Maurice"}}, {"model": "store.author", "pk": 181, "fields": {"name": "GENGENBACH", "forname": "Wilhem"}}, {"model": "store.author", "pk": 182, "fields": {"name": "GIBLIN", "forname": "Marcel"}}, {"model": "store.author", "pk": 183, "fields": {"name": "GILLY", "forname": "Adolfo"}}, {"model": "store.author", "pk": 184, "fields": {"name": "GINZBOURG", "forname": "Lidiya"}}, {"model": "store.author", "pk": 185, "fields": {"name": "GLUCKSTEIN", "forname": "Daniel"}}, {"model": "store.author", "pk": 186, "fields": {"name": "GODECHOT", "forname": "Jacques"}}, {"model": "store.author", "pk": 187, "fields": {"name": "GODICHEAU", "forname": "François"}}, {"model": "store.author", "pk": 188, "fields": {"name": "GODINEAU", "forname": "Laure"}}, {"model": "store.author", "pk": 189, "fields": {"name": "GOLDMAN", "forname": "Francisco"}}, {"model": "store.author", "pk": 190, "fields": {"name": "GOUBERT", "forname": "Pierre"}}, {"model": "store.author", "pk": 191, "fields": {"name": "GREILING", "forname": "Christian"}}, {"model": "store.author", "pk": 192, "fields": {"name": "GRESH", "forname": "Alain"}}, {"model": "store.author", "pk": 193, "fields": {"name": "GRIMM", "forname": "Jacob"}}, {"model": "store.author", "pk": 194, "fields": {"name": "GUILLON", "forname": "Claudine"}}, {"model": "store.author", "pk": 195, "fields": {"name": "HANOUNE", "forname": "Louisa"}}, {"model": "store.author", "pk": 196, "fields": {"name": "HARBI", "forname": "Mohammed"}}, {"model": "store.author", "pk": 197, "fields": {"name": "HEERS", "forname": "Jacques"}}, {"model": "store.author", "pk": 198, "fields": {"name": "HEMINGWAY", "forname": "Ernest"}}, {"model": "store.author", "pk": 199, "fields": {"name": "HIGGINS", "forname": "Jack"}}, {"model": "store.author", "pk": 200, "fields": {"name": "HILBERG", "forname": "Raul"}}, {"model": "store.author", "pk": 201, "fields": {"name": "HOBSBAWM", "forname": "Eric John"}}, {"model": "store.author", "pk": 202, "fields": {"name": "HOESLI", "forname": "Eric"}}, {"model": "store.author", "pk": 203, "fields": {"name": "HOFFMANN", "forname": "Georges"}}, {"model": "store.author", "pk": 204, "fields": {"name": "HOLZMAN", "forname": "Marie"}}, {"model": "store.author", "pk": 205, "fields": {"name": "HOPKIRK", "forname": "Peter"}}, {"model": "store.author", "pk": 206, "fields": {"name": "HORNBURG", "forname": "Michael"}}, {"model": "store.author", "pk": 207, "fields": {"name": "HOUELLEBECQ", "forname": "Michel"}}, {"model": "store.author", "pk": 208, "fields": {"name": "HOURANI", "forname": "Albert Habib"}}, {"model": "store.author", "pk": 209, "fields": {"name": "HUGO", "forname": "Victor"}}, {"model": "store.author", "pk": 210, "fields": {"name": "INTERN. COMMUN.", "forname": null}}, {"model": "store.author", "pk": 211, "fields": {"name": "IONESCO", "forname": "Eugène"}}, {"model": "store.author", "pk": 212, "fields": {"name": "JACKSON", "forname": "Julian"}}, {"model": "store.author", "pk": 213, "fields": {"name": "JACOB", "forname": "François"}}, {"model": "store.author", "pk": 214, "fields": {"name": "JACOBSON", "forname": "Howard"}}, {"model": "store.author", "pk": 215, "fields": {"name": "JAMES", "forname": "Henry"}}, {"model": "store.author", "pk": 216, "fields": {"name": "JAN", "forname": "Pascal"}}, {"model": "store.author", "pk": 217, "fields": {"name": "JARDIN", "forname": "Alexandre"}}, {"model": "store.author", "pk": 218, "fields": {"name": "JAURES", "forname": "Jean"}}, {"model": "store.author", "pk": 219, "fields": {"name": "GOULD", "forname": "Stephen Jay"}}, {"model": "store.author", "pk": 220, "fields": {"name": "JINGSHENG   ", "forname": "Wei"}}, {"model": "store.author", "pk": 221, "fields": {"name": "JONES", "forname": "Mary Harris"}}, {"model": "store.author", "pk": 222, "fields": {"name": "JOURDE", "forname": "François"}}, {"model": "store.author", "pk": 223, "fields": {"name": "JOUTEUX", "forname": "Daniel"}}, {"model": "store.author", "pk": 224, "fields": {"name": "JOUTARD", "forname": "Philippe"}}, {"model": "store.author", "pk": 225, "fields": {"name": "JOUVENTIN", "forname": "Pierre"}}, {"model": "store.author", "pk": 226, "fields": {"name": "JUNG", "forname": "Carl Gustav"}}, {"model": "store.author", "pk": 227, "fields": {"name": "KAMINSKY", "forname": "Hanns-Erich"}}, {"model": "store.author", "pk": 228, "fields": {"name": "KAUTSKY", "forname": "K."}}, {"model": "store.author", "pk": 229, "fields": {"name": "KENNEDY", "forname": "Douglas"}}, {"model": "store.author", "pk": 230, "fields": {"name": "KEPEL", "forname": "Gilles"}}, {"model": "store.author", "pk": 231, "fields": {"name": "KESSEL", "forname": "Joseph"}}, {"model": "store.author", "pk": 232, "fields": {"name": "KIHN", "forname": "Gérard"}}, {"model": "store.author", "pk": 233, "fields": {"name": "KILAMI", "forname": "Mondher"}}, {"model": "store.author", "pk": 234, "fields": {"name": "KING", "forname": "Stephen"}}, {"model": "store.author", "pk": 235, "fields": {"name": "KOLLONTAÏ", "forname": "Alexandra"}}, {"model": "store.author", "pk": 236, "fields": {"name": "KORDA", "forname": "Michael"}}, {"model": "store.author", "pk": 237, "fields": {"name": "KOVACS", "forname": "Marika"}}, {"model": "store.author", "pk": 238, "fields": {"name": "LACROIX-RIZ", "forname": "Annie"}}, {"model": "store.author", "pk": 239, "fields": {"name": "LA FAYETTE (DE) MME PIOCHE", "forname": "Marie-Madeleine"}}, {"model": "store.author", "pk": 240, "fields": {"name": "LA FONTAINE (DE)", "forname": "Jean"}}, {"model": "store.author", "pk": 241, "fields": {"name": "LACKBERG", "forname": "Camilla"}}, {"model": "store.author", "pk": 242, "fields": {"name": "LACRETELLE (DE)", "forname": "Jean"}}, {"model": "store.author", "pk": 243, "fields": {"name": "LATYNINA", "forname": "Julia"}}, {"model": "store.author", "pk": 244, "fields": {"name": "LAVAL", "forname": "Denis"}}, {"model": "store.author", "pk": 245, "fields": {"name": "LE CARRE", "forname": "John"}}, {"model": "store.author", "pk": 246, "fields": {"name": "LE CLEZIO", "forname": "Jean-Marie Gustave"}}, {"model": "store.author", "pk": 247, "fields": {"name": "LE GLAUNEC", "forname": "Jean-Pierre"}}, {"model": "store.author", "pk": 248, "fields": {"name": "LECOINTRE", "forname": "Guillaume"}}, {"model": "store.author", "pk": 249, "fields": {"name": "LEFEBVRE", "forname": "Georges"}}, {"model": "store.author", "pk": 250, "fields": {"name": "LEHANE", "forname": "Dennis"}}, {"model": "store.author", "pk": 251, "fields": {"name": "LEMAITRE", "forname": "Pierre"}}, {"model": "store.author", "pk": 252, "fields": {"name": "LEMIRE", "forname": "Laurent"}}, {"model": "store.author", "pk": 253, "fields": {"name": "LENINE", "forname": "Vladimir Ilitch"}}, {"model": "store.author", "pk": 254, "fields": {"name": "LENTERIC", "forname": "Bernard"}}, {"model": "store.author", "pk": 255, "fields": {"name": "LEO", "forname": "André"}}, {"model": "store.author", "pk": 256, "fields": {"name": "LEONARD", "forname": "Mathieu"}}, {"model": "store.author", "pk": 257, "fields": {"name": "LEPAPE", "forname": "Pierre"}}, {"model": "store.author", "pk": 258, "fields": {"name": "LEROYER ", "forname": "Jean-Claude"}}, {"model": "store.author", "pk": 259, "fields": {"name": "LEVASSEUR", "forname": "René"}}, {"model": "store.author", "pk": 260, "fields": {"name": "LEVI", "forname": "Primo"}}, {"model": "store.author", "pk": 261, "fields": {"name": "LEVISON", "forname": "Iain"}}, {"model": "store.author", "pk": 262, "fields": {"name": "LEVY", "forname": "Jean"}}, {"model": "store.author", "pk": 263, "fields": {"name": "LIANG", "forname": "Zhang"}}, {"model": "store.author", "pk": 264, "fields": {"name": "LIAUZU", "forname": "Claude"}}, {"model": "store.author", "pk": 265, "fields": {"name": "LIDSKY", "forname": "Paul"}}, {"model": "store.author", "pk": 266, "fields": {"name": "LISSAGARAY", "forname": "P.O."}}, {"model": "store.author", "pk": 267, "fields": {"name": "LONDON", "forname": "Jack"}}, {"model": "store.author", "pk": 268, "fields": {"name": "LORDON", "forname": "Frédéric"}}, {"model": "store.author", "pk": 269, "fields": {"name": "LORRIS (DE", "forname": "Guillaume"}}, {"model": "store.author", "pk": 270, "fields": {"name": "LOTI", "forname": "Pierre"}}, {"model": "store.author", "pk": 271, "fields": {"name": "LOUSTAL", "forname": null}}, {"model": "store.author", "pk": 272, "fields": {"name": "LUCAS  ", "forname": "Catherine"}}, {"model": "store.author", "pk": 273, "fields": {"name": "LUX", "forname": "Claudine"}}, {"model": "store.author", "pk": 274, "fields": {"name": "LUXEMBURG", "forname": "Rosa"}}, {"model": "store.author", "pk": 275, "fields": {"name": "MACIAS", "forname": "Santiago"}}, {"model": "store.author", "pk": 276, "fields": {"name": "MAHFOUZ", "forname": "Naguib"}}, {"model": "store.author", "pk": 277, "fields": {"name": "MALCOLM X", "forname": null}}, {"model": "store.author", "pk": 278, "fields": {"name": "MAMERE", "forname": "Noël"}}, {"model": "store.author", "pk": 279, "fields": {"name": "MARIE", "forname": "Jean-Jacques"}}, {"model": "store.author", "pk": 280, "fields": {"name": "MARKANDAYA", "forname": "Kamala"}}, {"model": "store.author", "pk": 281, "fields": {"name": "MARROUCK", "forname": "Victor"}}, {"model": "store.author", "pk": 282, "fields": {"name": "MARTIN DU GARD", "forname": "Roger"}}, {"model": "store.author", "pk": 283, "fields": {"name": "MARTINI", "forname": "Steve"}}, {"model": "store.author", "pk": 284, "fields": {"name": "MARX", "forname": "Karl"}}, {"model": "store.author", "pk": 285, "fields": {"name": "MASSOT (DE)", "forname": "François"}}, {"model": "store.author", "pk": 286, "fields": {"name": "MASURE", "forname": "F."}}, {"model": "store.author", "pk": 287, "fields": {"name": "MATHIEZ", "forname": "Albert"}}, {"model": "store.author", "pk": 288, "fields": {"name": "MAUPASSANT (DE)", "forname": "Guy"}}, {"model": "store.author", "pk": 289, "fields": {"name": "MAURIAC", "forname": "François"}}, {"model": "store.author", "pk": 290, "fields": {"name": "MAYEUR", "forname": "Jean-Marie Gustave"}}, {"model": "store.author", "pk": 291, "fields": {"name": "MAZAURIC", "forname": "Claude"}}, {"model": "store.author", "pk": 292, "fields": {"name": "MEHRING", "forname": "Franz"}}, {"model": "store.author", "pk": 293, "fields": {"name": "MENARD", "forname": "Jean-Louis"}}, {"model": "store.author", "pk": 294, "fields": {"name": "MENCHERINI", "forname": "Robert"}}, {"model": "store.author", "pk": 295, "fields": {"name": "MERIMEE", "forname": "Prosper"}}, {"model": "store.author", "pk": 296, "fields": {"name": "MERLE", "forname": "Robert"}}, {"model": "store.author", "pk": 297, "fields": {"name": "MERLIO", "forname": "Gilbert"}}, {"model": "store.author", "pk": 298, "fields": {"name": "MEUN (DE)", "forname": "Jean"}}, {"model": "store.author", "pk": 299, "fields": {"name": "MEYER", "forname": "Eric"}}, {"model": "store.author", "pk": 300, "fields": {"name": "MEYNIER", "forname": "Gilbert"}}, {"model": "store.author", "pk": 301, "fields": {"name": "MICHEA", "forname": "J.C."}}, {"model": "store.author", "pk": 302, "fields": {"name": "MICHEL", "forname": "Louise"}}, {"model": "store.author", "pk": 303, "fields": {"name": "MICHELET", "forname": "Jules"}}, {"model": "store.author", "pk": 304, "fields": {"name": "MILZA", "forname": "Pierre"}}, {"model": "store.author", "pk": 305, "fields": {"name": "MINOIS", "forname": "Georges"}}, {"model": "store.author", "pk": 306, "fields": {"name": "MINTZ", "forname": "Franz"}}, {"model": "store.author", "pk": 307, "fields": {"name": "MODZELEWSKI", "forname": "Karol"}}, {"model": "store.author", "pk": 308, "fields": {"name": "MOISSONNIER", "forname": "Maurice"}}, {"model": "store.author", "pk": 309, "fields": {"name": "MONATTE", "forname": "Pierre"}}, {"model": "store.author", "pk": 310, "fields": {"name": "MONGO", "forname": "Beti"}}, {"model": "store.author", "pk": 311, "fields": {"name": "MONTAGNE", "forname": "Pierre"}}, {"model": "store.author", "pk": 312, "fields": {"name": "MORRELL", "forname": "David"}}, {"model": "store.author", "pk": 313, "fields": {"name": "MORRISON", "forname": "Toni"}}, {"model": "store.author", "pk": 314, "fields": {"name": "MOTYLEWSKI", "forname": "Patricia"}}, {"model": "store.author", "pk": 315, "fields": {"name": "MOURRE", "forname": "Martin"}}, {"model": "store.author", "pk": 316, "fields": {"name": "NAVILLE", "forname": "Pierre"}}, {"model": "store.author", "pk": 317, "fields": {"name": "NIETZSCHE", "forname": "Friedrich"}}, {"model": "store.author", "pk": 318, "fields": {"name": "NOGUEZ", "forname": "Dominique"}}, {"model": "store.author", "pk": 319, "fields": {"name": "NOIRIEL", "forname": "G."}}, {"model": "store.author", "pk": 320, "fields": {"name": "NOLTE", "forname": "Ernst"}}, {"model": "store.author", "pk": 321, "fields": {"name": "NORTH PATTERSON", "forname": "Richard"}}, {"model": "store.author", "pk": 322, "fields": {"name": "NOTTALE", "forname": "Laurent"}}, {"model": "store.author", "pk": 323, "fields": {"name": "NOVICK", "forname": "Peter"}}, {"model": "store.author", "pk": 324, "fields": {"name": "NUMA DU CANGE", "forname": "Jean"}}, {"model": "store.author", "pk": 325, "fields": {"name": "OLDENBOURG", "forname": "Zoe"}}, {"model": "store.author", "pk": 326, "fields": {"name": "ORIOL", "forname": "Philippe"}}, {"model": "store.author", "pk": 327, "fields": {"name": "ORWELL", "forname": "Georges"}}, {"model": "store.author", "pk": 328, "fields": {"name": "ORY", "forname": "Pascal"}}, {"model": "store.author", "pk": 329, "fields": {"name": "OZOUF", "forname": "Mona"}}, {"model": "store.author", "pk": 330, "fields": {"name": "PADURA", "forname": "Leonardo"}}, {"model": "store.author", "pk": 331, "fields": {"name": "PANH", "forname": "Rithy"}}, {"model": "store.author", "pk": 332, "fields": {"name": "PAPÉ", "forname": "Ilan"}}, {"model": "store.author", "pk": 333, "fields": {"name": "PAPE", "forname": "Pierre"}}, {"model": "store.author", "pk": 334, "fields": {"name": "PAPP", "forname": "Julien"}}, {"model": "store.author", "pk": 335, "fields": {"name": "PARIGAUX", "forname": "Denis"}}, {"model": "store.author", "pk": 336, "fields": {"name": "PARKS", "forname": "Rosa"}}, {"model": "store.author", "pk": 337, "fields": {"name": "PAROT", "forname": "Jean-François"}}, {"model": "store.author", "pk": 338, "fields": {"name": "PASCAL", "forname": "Blaise"}}, {"model": "store.author", "pk": 339, "fields": {"name": "PASCAL", "forname": "P."}}, {"model": "store.author", "pk": 340, "fields": {"name": "PASTERNAK", "forname": "Boris"}}, {"model": "store.author", "pk": 341, "fields": {"name": "PAXTON", "forname": "Robert Owen"}}, {"model": "store.author", "pk": 342, "fields": {"name": "PAYEN", "forname": "Alix"}}, {"model": "store.author", "pk": 343, "fields": {"name": "PECHEROT", "forname": "Patrick"}}, {"model": "store.author", "pk": 344, "fields": {"name": "PECKER", "forname": "Jean-Claude"}}, {"model": "store.author", "pk": 345, "fields": {"name": "PEDRONCINI", "forname": "Guy"}}, {"model": "store.author", "pk": 346, "fields": {"name": "PEF", "forname": null}}, {"model": "store.author", "pk": 347, "fields": {"name": "PENNAC", "forname": "Daniel"}}, {"model": "store.author", "pk": 348, "fields": {"name": "PENNY", "forname": "Louise"}}, {"model": "store.author", "pk": 349, "fields": {"name": "PENNETIER", "forname": "Claude"}}, {"model": "store.author", "pk": 350, "fields": {"name": "PERRONNE", "forname": "Christian"}}, {"model": "store.author", "pk": 351, "fields": {"name": "PETRENKO", "forname": "Vassily"}}, {"model": "store.author", "pk": 352, "fields": {"name": "PICARD", "forname": "Jean-Christophe"}}, {"model": "store.author", "pk": 353, "fields": {"name": "PICOULY", "forname": "Daniel"}}, {"model": "store.author", "pk": 354, "fields": {"name": "PICQ", "forname": "Pascal"}}, {"model": "store.author", "pk": 355, "fields": {"name": "PICQUIER", "forname": "M."}}, {"model": "store.author", "pk": 356, "fields": {"name": "POI", "forname": null}}, {"model": "store.author", "pk": 357, "fields": {"name": "POLITKOVSKAIA", "forname": "Anna"}}, {"model": "store.author", "pk": 358, "fields": {"name": "POMPIDOU", "forname": "Georges"}}, {"model": "store.author", "pk": 359, "fields": {"name": "POUCHAIRET", "forname": "Pierre"}}, {"model": "store.author", "pk": 360, "fields": {"name": "PROUDHON", "forname": "Pierre-Joseph"}}, {"model": "store.author", "pk": 361, "fields": {"name": "PREPOSIET   ", "forname": "Jean"}}, {"model": "store.author", "pk": 362, "fields": {"name": "PRIEUR", "forname": "Jérôme"}}, {"model": "store.author", "pk": 363, "fields": {"name": "PROUST", "forname": "Marcel"}}, {"model": "store.author", "pk": 364, "fields": {"name": "PYNCHON", "forname": "Thomas"}}, {"model": "store.author", "pk": 365, "fields": {"name": "RABELAIS", "forname": "François"}}, {"model": "store.author", "pk": 366, "fields": {"name": "RADEK", "forname": "Karl"}}, {"model": "store.author", "pk": 367, "fields": {"name": "RAGON", "forname": "Michel"}}, {"model": "store.author", "pk": 368, "fields": {"name": "RAJSFUS", "forname": "Maurice"}}, {"model": "store.author", "pk": 369, "fields": {"name": "RAMBAUD", "forname": "Patrick"}}, {"model": "store.author", "pk": 370, "fields": {"name": "REBERIOUX", "forname": "Madeleine"}}, {"model": "store.author", "pk": 371, "fields": {"name": "REED", "forname": "John"}}, {"model": "store.author", "pk": 372, "fields": {"name": "REICHHOLF", "forname": "Josef"}}, {"model": "store.author", "pk": 373, "fields": {"name": "REINHART", "forname": "Tanya"}}, {"model": "store.author", "pk": 374, "fields": {"name": "REISCHAUER", "forname": "Edwin Oldfather"}}, {"model": "store.author", "pk": 375, "fields": {"name": "REMOND", "forname": "René"}}, {"model": "store.author", "pk": 376, "fields": {"name": "RENARD", "forname": "Jules"}}, {"model": "store.author", "pk": 377, "fields": {"name": "RICHARDS", "forname": "Vernon"}}, {"model": "store.author", "pk": 378, "fields": {"name": "RIMBAUD", "forname": "Arthur"}}, {"model": "store.author", "pk": 379, "fields": {"name": "RIO", "forname": "Michel"}}, {"model": "store.author", "pk": 380, "fields": {"name": "RIOTTOT", "forname": "Yveline"}}, {"model": "store.author", "pk": 381, "fields": {"name": "RIOUX", "forname": "Jean-Pierre"}}, {"model": "store.author", "pk": 382, "fields": {"name": "RIQUIER", "forname": "Alain"}}, {"model": "store.author", "pk": 383, "fields": {"name": "ROLIN", "forname": "Olivier"}}, {"model": "store.author", "pk": 384, "fields": {"name": "ROMAINS", "forname": "Jules"}}, {"model": "store.author", "pk": 385, "fields": {"name": "ROMERO", "forname": "Nestor"}}, {"model": "store.author", "pk": 386, "fields": {"name": "RONSARD (DE)", "forname": "Pierre"}}, {"model": "store.author", "pk": 387, "fields": {"name": "ROSMER", "forname": "Alfred"}}, {"model": "store.author", "pk": 388, "fields": {"name": "ROSTAND", "forname": "Edmond"}}, {"model": "store.author", "pk": 389, "fields": {"name": "ROTH  ", "forname": "François"}}, {"model": "store.author", "pk": 390, "fields": {"name": "ROUDINESCO", "forname": "Elisabeth"}}, {"model": "store.author", "pk": 391, "fields": {"name": "ROUSSEAU", "forname": "Jean-Jacques"}}, {"model": "store.author", "pk": 392, "fields": {"name": "ROUSSEAU", "forname": "Dominic"}}, {"model": "store.author", "pk": 393, "fields": {"name": "RUDE", "forname": "Fernand"}}, {"model": "store.author", "pk": 394, "fields": {"name": "RUDEL", "forname": "Christian"}}, {"model": "store.author", "pk": 395, "fields": {"name": "SAINT PHALLE (DE)", "forname": "Thérèse"}}, {"model": "store.author", "pk": 396, "fields": {"name": "SAINT-JUST", "forname": null}}, {"model": "store.author", "pk": 397, "fields": {"name": "SAINT-PIERRE (DE)", "forname": "Bernardin"}}, {"model": "store.author", "pk": 398, "fields": {"name": "SAKOWSKA", "forname": "Ruta"}}, {"model": "store.author", "pk": 399, "fields": {"name": "SALLENAVE", "forname": "Danielle"}}, {"model": "store.author", "pk": 400, "fields": {"name": "SAND", "forname": "Shlomo"}}, {"model": "store.author", "pk": 401, "fields": {"name": "SAND", "forname": "George"}}, {"model": "store.author", "pk": 402, "fields": {"name": "SANDRI", "forname": "Roger"}}, {"model": "store.author", "pk": 403, "fields": {"name": "SANTAMARIA", "forname": "Yves"}}, {"model": "store.author", "pk": 404, "fields": {"name": "SARTRE", "forname": "Jean-Paul"}}, {"model": "store.author", "pk": 405, "fields": {"name": "SCHIAPPA", "forname": "Jean-Marc"}}, {"model": "store.author", "pk": 406, "fields": {"name": "SEMBÉNÉ", "forname": "Ousmane"}}, {"model": "store.author", "pk": 407, "fields": {"name": "SCIASCIA", "forname": "Leonardo "}}, {"model": "store.author", "pk": 408, "fields": {"name": "SERAC", "forname": "Michel"}}, {"model": "store.author", "pk": 409, "fields": {"name": "SERGE", "forname": "Victor"}}, {"model": "store.author", "pk": 410, "fields": {"name": "SFAR", "forname": "Joann"}}, {"model": "store.author", "pk": 411, "fields": {"name": "SIEFFERT", "forname": "Denis"}}, {"model": "store.author", "pk": 412, "fields": {"name": "SIENKIEWICZ", "forname": "Henryk"}}, {"model": "store.author", "pk": 413, "fields": {"name": "SILVA", "forname": "Emilio"}}, {"model": "store.author", "pk": 414, "fields": {"name": "SINCLAIR", "forname": "Upton"}}, {"model": "store.author", "pk": 415, "fields": {"name": "SISSOKO", "forname": "Cheik Oumar"}}, {"model": "store.author", "pk": 416, "fields": {"name": "SONNET", "forname": "Martine"}}, {"model": "store.author", "pk": 417, "fields": {"name": "SOUCY", "forname": "Robert"}}, {"model": "store.author", "pk": 418, "fields": {"name": "STEIN", "forname": "Sygmunt"}}, {"model": "store.author", "pk": 419, "fields": {"name": "STEINBECK", "forname": "John"}}, {"model": "store.author", "pk": 420, "fields": {"name": "STENDHAL", "forname": null}}, {"model": "store.author", "pk": 421, "fields": {"name": "STERNHELL", "forname": "Zeev"}}, {"model": "store.author", "pk": 422, "fields": {"name": "STIEGLER", "forname": "Barbara"}}, {"model": "store.author", "pk": 423, "fields": {"name": "STORA", "forname": "Benjamin"}}, {"model": "store.author", "pk": 424, "fields": {"name": "SUSKIND", "forname": "Patrick"}}, {"model": "store.author", "pk": 425, "fields": {"name": "TACKETT", "forname": "Timothée"}}, {"model": "store.author", "pk": 426, "fields": {"name": "TALES", "forname": "C."}}, {"model": "store.author", "pk": 427, "fields": {"name": "TAQUET", "forname": "Philippe"}}, {"model": "store.author", "pk": 428, "fields": {"name": "TATTERSALL", "forname": "Ian"}}, {"model": "store.author", "pk": 429, "fields": {"name": "TAYLOR", "forname": "Keeanga-Yamahtta"}}, {"model": "store.author", "pk": 430, "fields": {"name": "TIERNEY", "forname": "Patrick"}}, {"model": "store.author", "pk": 431, "fields": {"name": "TODD", "forname": "Emmanuel"}}, {"model": "store.author", "pk": 432, "fields": {"name": "TOLSTOI", "forname": "Léon"}}, {"model": "store.author", "pk": 433, "fields": {"name": "TOUCHARD", "forname": "Jean"}}, {"model": "store.author", "pk": 434, "fields": {"name": "TOURNIER", "forname": "Michel"}}, {"model": "store.author", "pk": 435, "fields": {"name": "TRAORE", "forname": "Assa"}}, {"model": "store.author", "pk": 436, "fields": {"name": "TRISTAN", "forname": "Flora"}}, {"model": "store.author", "pk": 437, "fields": {"name": "TROTSKY", "forname": "Léon"}}, {"model": "store.author", "pk": 438, "fields": {"name": "TROYAT", "forname": "Henri"}}, {"model": "store.author", "pk": 439, "fields": {"name": "TUCHOLSKY", "forname": "Kurt"}}, {"model": "store.author", "pk": 440, "fields": {"name": "UHLMAN", "forname": "Fred"}}, {"model": "store.author", "pk": 441, "fields": {"name": "UM NYOBE", "forname": "Ruben"}}, {"model": "store.author", "pk": 442, "fields": {"name": "VALLES", "forname": "Jules"}}, {"model": "store.author", "pk": 443, "fields": {"name": "VALTIN", "forname": "Jan"}}, {"model": "store.author", "pk": 444, "fields": {"name": "VANDERVELDE", "forname": "Emile"}}, {"model": "store.author", "pk": 445, "fields": {"name": "VASCONCELOS (DE)", "forname": "José Mauro"}}, {"model": "store.author", "pk": 446, "fields": {"name": "VAUTRIN", "forname": "Jean"}}, {"model": "store.author", "pk": 447, "fields": {"name": "VERNE", "forname": "Jules"}}, {"model": "store.author", "pk": 448, "fields": {"name": "VEYNE", "forname": "Paul"}}, {"model": "store.author", "pk": 449, "fields": {"name": "VIAN", "forname": "Boris"}}, {"model": "store.author", "pk": 450, "fields": {"name": "VIANES", "forname": "Michèle"}}, {"model": "store.author", "pk": 451, "fields": {"name": "VIDARD", "forname": "Mathieu"}}, {"model": "store.author", "pk": 452, "fields": {"name": "VIGNA", "forname": "Xavier"}}, {"model": "store.author", "pk": 453, "fields": {"name": "VOLKOFF", "forname": "Vladimir"}}, {"model": "store.author", "pk": 454, "fields": {"name": "VOLTAIRE", "forname": null}}, {"model": "store.author", "pk": 455, "fields": {"name": "VOVELLE", "forname": "M."}}, {"model": "store.author", "pk": 456, "fields": {"name": "VUILLARD", "forname": "Eric"}}, {"model": "store.author", "pk": 457, "fields": {"name": "WALTERS", "forname": "Anne-Marie"}}, {"model": "store.author", "pk": 458, "fields": {"name": "DU BOIS", "forname": "W.E.B."}}, {"model": "store.author", "pk": 459, "fields": {"name": "WEINSTOCK", "forname": "Nathan"}}, {"model": "store.author", "pk": 460, "fields": {"name": "WERBER", "forname": "Bernard"}}, {"model": "store.author", "pk": 461, "fields": {"name": "WERTH", "forname": "Nicolas"}}, {"model": "store.author", "pk": 462, "fields": {"name": "WILLARD", "forname": "Claude"}}, {"model": "store.author", "pk": 463, "fields": {"name": "WINCKLER", "forname": "Martin"}}, {"model": "store.author", "pk": 464, "fields": {"name": "WINOCK", "forname": "Michel"}}, {"model": "store.author", "pk": 465, "fields": {"name": "WOLLSTONECRAFT", "forname": "Mary"}}, {"model": "store.author", "pk": 466, "fields": {"name": "WOODS", "forname": "Stuart"}}, {"model": "store.author", "pk": 467, "fields": {"name": "WORONOFF  ", "forname": "Denis"}}, {"model": "store.author", "pk": 468, "fields": {"name": "YOURCENAR", "forname": "Marguerite"}}, {"model": "store.author", "pk": 469, "fields": {"name": "ZHANG", "forname": "Liang"}}, {"model": "store.author", "pk": 470, "fields": {"name": "ZINN", "forname": "Howard"}}, {"model": "store.author", "pk": 471, "fields": {"name": "ZOLA", "forname": "Emile"}}, {"model": "store.author", "pk": 472, "fields": {"name": "ZWEIG", "forname": "Stephan"}}, {"model": "store.author", "pk": 473, "fields": {"name": "TRAN", "forname": "Chau"}}, {"model": "store.author", "pk": 474, "fields": {"name": "ANTOON", "forname": "Sinan"}}, {"model": "store.publisher", "pk": 497, "fields": {"name": "10-18", "marge": null}}, {"model": "store.publisher", "pk": 498, "fields": {"name": "ACIE", "marge": null}}, {"model": "store.publisher", "pk": 499, "fields": {"name": "ACRATIE", "marge": null}}, {"model": "store.publisher", "pk": 500, "fields": {"name": "ACTES SUD", "marge": null}}, {"model": "store.publisher", "pk": 501, "fields": {"name": "AGE D'HOMME", "marge": null}}, {"model": "store.publisher", "pk": 502, "fields": {"name": "AGONE", "marge": null}}, {"model": "store.publisher", "pk": 503, "fields": {"name": "AJR", "marge": null}}, {"model": "store.publisher", "pk": 504, "fields": {"name": "ALBIN MICHEL", "marge": null}}, {"model": "store.publisher", "pk": 505, "fields": {"name": "AL DANTE", "marge": null}}, {"model": "store.publisher", "pk": 506, "fields": {"name": "ALTIPLANO (L')", "marge": null}}, {"model": "store.publisher", "pk": 507, "fields": {"name": "ANTHROPOS", "marge": null}}, {"model": "store.publisher", "pk": 508, "fields": {"name": "A PLUS D'UN TITRE", "marge": null}}, {"model": "store.publisher", "pk": 509, "fields": {"name": "ARCADIA", "marge": null}}, {"model": "store.publisher", "pk": 510, "fields": {"name": "ARCHIPEL", "marge": null}}, {"model": "store.publisher", "pk": 511, "fields": {"name": "ARMAND COLIN", "marge": null}}, {"model": "store.publisher", "pk": 512, "fields": {"name": "ATELIER", "marge": null}}, {"model": "store.publisher", "pk": 513, "fields": {"name": "ATRAMENTA", "marge": null}}, {"model": "store.publisher", "pk": 514, "fields": {"name": "AU DIABLE VAUVERT", "marge": null}}, {"model": "store.publisher", "pk": 515, "fields": {"name": "AUTREMENT", "marge": null}}, {"model": "store.publisher", "pk": 516, "fields": {"name": "BABEL", "marge": null}}, {"model": "store.publisher", "pk": 517, "fields": {"name": "BELFOND", "marge": null}}, {"model": "store.publisher", "pk": 518, "fields": {"name": "BELIN", "marge": null}}, {"model": "store.publisher", "pk": 519, "fields": {"name": "BERG INTERNATIONAL/SODIS", "marge": null}}, {"model": "store.publisher", "pk": 520, "fields": {"name": "BNF GALLIMARD", "marge": null}}, {"model": "store.publisher", "pk": 521, "fields": {"name": "BONS CARACTERES (LES)", "marge": null}}, {"model": "store.publisher", "pk": 522, "fields": {"name": "BORDAS", "marge": null}}, {"model": "store.publisher", "pk": 523, "fields": {"name": "BOURGOIS", "marge": null}}, {"model": "store.publisher", "pk": 524, "fields": {"name": "BRECHE (LA) – SELIO", "marge": null}}, {"model": "store.publisher", "pk": 525, "fields": {"name": "BRUIT DU TEMPS", "marge": null}}, {"model": "store.publisher", "pk": 526, "fields": {"name": "BRUNO LEPRINCE", "marge": null}}, {"model": "store.publisher", "pk": 527, "fields": {"name": "BUCHET CHASTEL", "marge": null}}, {"model": "store.publisher", "pk": 528, "fields": {"name": "CALMANN-LEVY", "marge": null}}, {"model": "store.publisher", "pk": 529, "fields": {"name": "CARAÏBEDITIONS", "marge": null}}, {"model": "store.publisher", "pk": 530, "fields": {"name": "CENTENAIRE", "marge": null}}, {"model": "store.publisher", "pk": 531, "fields": {"name": "CERDIC publications", "marge": null}}, {"model": "store.publisher", "pk": 532, "fields": {"name": "CERF de FRANCHE-COMTE", "marge": null}}, {"model": "store.publisher", "pk": 533, "fields": {"name": "CHAMPS FLAMMARION", "marge": null}}, {"model": "store.publisher", "pk": 534, "fields": {"name": "CHRISTIAN BOURGOIS", "marge": null}}, {"model": "store.publisher", "pk": 535, "fields": {"name": "CLIMATS", "marge": null}}, {"model": "store.publisher", "pk": 536, "fields": {"name": "COMPLEXE", "marge": null}}, {"model": "store.publisher", "pk": 537, "fields": {"name": "CTHS (Comité des Travaux Historiques et Scientifiques)", "marge": null}}, {"model": "store.publisher", "pk": 538, "fields": {"name": "DE FALLOIS", "marge": null}}, {"model": "store.publisher", "pk": 539, "fields": {"name": "DECOUVERTE (LA)", "marge": null}}, {"model": "store.publisher", "pk": 540, "fields": {"name": "DEMOPOLIS", "marge": null}}, {"model": "store.publisher", "pk": 541, "fields": {"name": "DENOEL", "marge": null}}, {"model": "store.publisher", "pk": 542, "fields": {"name": "DES FEMMES", "marge": null}}, {"model": "store.publisher", "pk": 543, "fields": {"name": "DIGITALE (LA)", "marge": null}}, {"model": "store.publisher", "pk": 544, "fields": {"name": "DILETTANTE (LE)", "marge": null}}, {"model": "store.publisher", "pk": 545, "fields": {"name": "DITTMAR", "marge": null}}, {"model": "store.publisher", "pk": 546, "fields": {"name": "DOCUMENTATION FRANCAISE (LA)", "marge": null}}, {"model": "store.publisher", "pk": 547, "fields": {"name": "DU MOMENT", "marge": null}}, {"model": "store.publisher", "pk": 548, "fields": {"name": "EBENA et alii", "marge": null}}, {"model": "store.publisher", "pk": 549, "fields": {"name": "Ecole des Lettres - SEUIL", "marge": null}}, {"model": "store.publisher", "pk": 550, "fields": {"name": "ECOSOCIETE", "marge": null}}, {"model": "store.publisher", "pk": 551, "fields": {"name": "EDI (Etudes & Documentation Internationales)", "marge": null}}, {"model": "store.publisher", "pk": 552, "fields": {"name": "EDITIONS DU ROCHER", "marge": null}}, {"model": "store.publisher", "pk": 553, "fields": {"name": "EDITIONS OUVRIERES", "marge": null}}, {"model": "store.publisher", "pk": 554, "fields": {"name": "EDITIONS SOCIALES", "marge": null}}, {"model": "store.publisher", "pk": 555, "fields": {"name": "EMPREINTE", "marge": null}}, {"model": "store.publisher", "pk": 556, "fields": {"name": "ENS Lsh Lyon", "marge": null}}, {"model": "store.publisher", "pk": 557, "fields": {"name": "ENTENTE INTERNATIONALE DES TRAVAILLEURS ET DES PEUPLES", "marge": null}}, {"model": "store.publisher", "pk": 558, "fields": {"name": "EPO", "marge": null}}, {"model": "store.publisher", "pk": 559, "fields": {"name": "ERIC JAMET", "marge": null}}, {"model": "store.publisher", "pk": 560, "fields": {"name": "F.BOURIN", "marge": null}}, {"model": "store.publisher", "pk": 561, "fields": {"name": "FABRIQUE (LA)", "marge": null}}, {"model": "store.publisher", "pk": 562, "fields": {"name": "FAYARD", "marge": null}}, {"model": "store.publisher", "pk": 563, "fields": {"name": "FAYARD/BDIC", "marge": null}}, {"model": "store.publisher", "pk": 564, "fields": {"name": "FELIN (LE)", "marge": null}}, {"model": "store.publisher", "pk": 565, "fields": {"name": "FIRST", "marge": null}}, {"model": "store.publisher", "pk": 566, "fields": {"name": "FLAMMARION", "marge": null}}, {"model": "store.publisher", "pk": 567, "fields": {"name": "FLAMMARION - UD", "marge": null}}, {"model": "store.publisher", "pk": 568, "fields": {"name": "EMSH", "marge": null}}, {"model": "store.publisher", "pk": 569, "fields": {"name": "FOLIO", "marge": null}}, {"model": "store.publisher", "pk": 570, "fields": {"name": "FOLIO Histoire", "marge": null}}, {"model": "store.publisher", "pk": 571, "fields": {"name": "FRANCOIS BOURIN", "marge": null}}, {"model": "store.publisher", "pk": 572, "fields": {"name": "GALLIMARD", "marge": null}}, {"model": "store.publisher", "pk": 573, "fields": {"name": "GALLIMARD / FOLIO", "marge": null}}, {"model": "store.publisher", "pk": 574, "fields": {"name": "GAUSSEN", "marge": null}}, {"model": "store.publisher", "pk": 575, "fields": {"name": "GRASSET", "marge": null}}, {"model": "store.publisher", "pk": 576, "fields": {"name": "HACHETTE", "marge": null}}, {"model": "store.publisher", "pk": 577, "fields": {"name": "HACHETTE JEUNESSE", "marge": null}}, {"model": "store.publisher", "pk": 578, "fields": {"name": "HACHETTE PLURIEL", "marge": null}}, {"model": "store.publisher", "pk": 579, "fields": {"name": "HARMATTAN (L')", "marge": null}}, {"model": "store.publisher", "pk": 580, "fields": {"name": "HARMONIA MUNDI", "marge": null}}, {"model": "store.publisher", "pk": 581, "fields": {"name": "HATIER", "marge": null}}, {"model": "store.publisher", "pk": 582, "fields": {"name": "HELIOPOLES", "marge": null}}, {"model": "store.publisher", "pk": 583, "fields": {"name": "HERNE (L')", "marge": null}}, {"model": "store.publisher", "pk": 584, "fields": {"name": "HEROS-LIMITE", "marge": null}}, {"model": "store.publisher", "pk": 585, "fields": {"name": "HORS D'ATTEINTE", "marge": null}}, {"model": "store.publisher", "pk": 586, "fields": {"name": "HORAY PIERRE", "marge": null}}, {"model": "store.publisher", "pk": 587, "fields": {"name": "IESE", "marge": null}}, {"model": "store.publisher", "pk": 588, "fields": {"name": "IMPRIMERIE NATIONALE", "marge": null}}, {"model": "store.publisher", "pk": 589, "fields": {"name": "INFORMATIONS OUVRIERES", "marge": null}}, {"model": "store.publisher", "pk": 590, "fields": {"name": "JACQUES ANDRE", "marge": null}}, {"model": "store.publisher", "pk": 591, "fields": {"name": "J'AI LU", "marge": null}}, {"model": "store.publisher", "pk": 592, "fields": {"name": "LAROUSSE", "marge": null}}, {"model": "store.publisher", "pk": 593, "fields": {"name": "LES BONS CARACTERES", "marge": null}}, {"model": "store.publisher", "pk": 594, "fields": {"name": "LES LIENS QUI LIBERENT", "marge": null}}, {"model": "store.publisher", "pk": 595, "fields": {"name": "LGF", "marge": null}}, {"model": "store.publisher", "pk": 596, "fields": {"name": "LGF- LIVRE DE POCHE", "marge": null}}, {"model": "store.publisher", "pk": 597, "fields": {"name": "LIANA LEVI", "marge": null}}, {"model": "store.publisher", "pk": 598, "fields": {"name": "LIBERTALIA", "marge": null}}, {"model": "store.publisher", "pk": 599, "fields": {"name": "LIBERTALIA / HARMONIA MUNDI", "marge": null}}, {"model": "store.publisher", "pk": 600, "fields": {"name": "LIBRE PENSEE", "marge": null}}, {"model": "store.publisher", "pk": 601, "fields": {"name": "LIVRE DE POCHE", "marge": null}}, {"model": "store.publisher", "pk": 602, "fields": {"name": "LUX / HARMONIA MUNDI", "marge": null}}, {"model": "store.publisher", "pk": 603, "fields": {"name": "MANGUIER", "marge": null}}, {"model": "store.publisher", "pk": 604, "fields": {"name": "MESSIDOR", "marge": null}}, {"model": "store.publisher", "pk": 605, "fields": {"name": "MICHEL LAFON", "marge": null}}, {"model": "store.publisher", "pk": 606, "fields": {"name": "MINUIT / SODIS", "marge": null}}, {"model": "store.publisher", "pk": 607, "fields": {"name": "MSH (Maison des Sciences de l Homme)", "marge": null}}, {"model": "store.publisher", "pk": 608, "fields": {"name": "NIL Eds", "marge": null}}, {"model": "store.publisher", "pk": 609, "fields": {"name": "NOUVEAU MONDE / SODIS", "marge": null}}, {"model": "store.publisher", "pk": 610, "fields": {"name": "NUITS ROUGES", "marge": null}}, {"model": "store.publisher", "pk": 611, "fields": {"name": "ODILE JACOB", "marge": null}}, {"model": "store.publisher", "pk": 612, "fields": {"name": "P.U. DU MIRAIL", "marge": null}}, {"model": "store.publisher", "pk": 613, "fields": {"name": "PARIGRAMME", "marge": null}}, {"model": "store.publisher", "pk": 614, "fields": {"name": "PASSION (LA)", "marge": null}}, {"model": "store.publisher", "pk": 615, "fields": {"name": "PATHFINDER", "marge": null}}, {"model": "store.publisher", "pk": 616, "fields": {"name": "PAUVERT", "marge": null}}, {"model": "store.publisher", "pk": 617, "fields": {"name": "PAYOT-RIVAGES", "marge": null}}, {"model": "store.publisher", "pk": 618, "fields": {"name": "PERRIN", "marge": null}}, {"model": "store.publisher", "pk": 619, "fields": {"name": "PETIT PAVE (LE)", "marge": null}}, {"model": "store.publisher", "pk": 620, "fields": {"name": "PETRA", "marge": null}}, {"model": "store.publisher", "pk": 621, "fields": {"name": "PHEBUS", "marge": null}}, {"model": "store.publisher", "pk": 622, "fields": {"name": "PIE (Presses Interuniversitaires Européennes)", "marge": null}}, {"model": "store.publisher", "pk": 623, "fields": {"name": "PLEIN CHANT", "marge": null}}, {"model": "store.publisher", "pk": 624, "fields": {"name": "PLON", "marge": null}}, {"model": "store.publisher", "pk": 625, "fields": {"name": "PLURIEL", "marge": null}}, {"model": "store.publisher", "pk": 626, "fields": {"name": "POCKET", "marge": null}}, {"model": "store.publisher", "pk": 627, "fields": {"name": "POINTS", "marge": null}}, {"model": "store.publisher", "pk": 628, "fields": {"name": "POINTS / INTERFORUM", "marge": null}}, {"model": "store.publisher", "pk": 629, "fields": {"name": "POINTS SCIENCES", "marge": null}}, {"model": "store.publisher", "pk": 630, "fields": {"name": "POINTS / SEUIL", "marge": null}}, {"model": "store.publisher", "pk": 631, "fields": {"name": "POL", "marge": null}}, {"model": "store.publisher", "pk": 632, "fields": {"name": "PRESENCE AFRICAINE", "marge": null}}, {"model": "store.publisher", "pk": 633, "fields": {"name": "PROGRES", "marge": null}}, {"model": "store.publisher", "pk": 634, "fields": {"name": "PU MIRAIL TOULOUSE", "marge": null}}, {"model": "store.publisher", "pk": 635, "fields": {"name": "PU PARIS SORBONNE", "marge": null}}, {"model": "store.publisher", "pk": 636, "fields": {"name": "PU RENNES", "marge": null}}, {"model": "store.publisher", "pk": 637, "fields": {"name": "PUF", "marge": null}}, {"model": "store.publisher", "pk": 638, "fields": {"name": "RAMSAY", "marge": null}}, {"model": "store.publisher", "pk": 639, "fields": {"name": "RIVAGE", "marge": null}}, {"model": "store.publisher", "pk": 640, "fields": {"name": "ROBERT LAFFONT", "marge": null}}, {"model": "store.publisher", "pk": 641, "fields": {"name": "ROCHER", "marge": null}}, {"model": "store.publisher", "pk": 642, "fields": {"name": "RUE DU MONDE", "marge": null}}, {"model": "store.publisher", "pk": 643, "fields": {"name": "SARF", "marge": null}}, {"model": "store.publisher", "pk": 644, "fields": {"name": "SCIENCE MARXISTE", "marge": null}}, {"model": "store.publisher", "pk": 645, "fields": {"name": "SELIO", "marge": null}}, {"model": "store.publisher", "pk": 646, "fields": {"name": "SEUIL", "marge": null}}, {"model": "store.publisher", "pk": 647, "fields": {"name": "SEUIL / ECOLE DES LETTRES", "marge": null}}, {"model": "store.publisher", "pk": 648, "fields": {"name": "SMOLNY", "marge": null}}, {"model": "store.publisher", "pk": 649, "fields": {"name": "SPARTACUS", "marge": null}}, {"model": "store.publisher", "pk": 650, "fields": {"name": "SPARTACUS / POLLEN", "marge": null}}, {"model": "store.publisher", "pk": 651, "fields": {"name": "STOCK", "marge": null}}, {"model": "store.publisher", "pk": 652, "fields": {"name": "SYLLEPSE", "marge": null}}, {"model": "store.publisher", "pk": 653, "fields": {"name": "SYLLEPSE / SODIS", "marge": null}}, {"model": "store.publisher", "pk": 654, "fields": {"name": "SYRTES", "marge": null}}, {"model": "store.publisher", "pk": 655, "fields": {"name": "TABLE RONDE (LA)  ", "marge": null}}, {"model": "store.publisher", "pk": 656, "fields": {"name": "TALLANDIER", "marge": null}}, {"model": "store.publisher", "pk": 657, "fields": {"name": "TEMPS DES CERISES (LE)", "marge": null}}, {"model": "store.publisher", "pk": 658, "fields": {"name": "TEMPS QU'IL FAIT (LE)", "marge": null}}, {"model": "store.publisher", "pk": 659, "fields": {"name": "TEMPUS", "marge": null}}, {"model": "store.publisher", "pk": 660, "fields": {"name": "THEOLIB", "marge": null}}, {"model": "store.publisher", "pk": 661, "fields": {"name": "TIRESIAS", "marge": null}}, {"model": "store.publisher", "pk": 662, "fields": {"name": "TRIBORD / BLDD", "marge": null}}, {"model": "store.publisher", "pk": 663, "fields": {"name": "VENDEMIAIRE", "marge": null}}, {"model": "store.publisher", "pk": 664, "fields": {"name": "VERDIER", "marge": null}}, {"model": "store.publisher", "pk": 665, "fields": {"name": "VERITE (LA)", "marge": null}}, {"model": "store.publisher", "pk": 666, "fields": {"name": "VERTICALES", "marge": null}}, {"model": "store.publisher", "pk": 667, "fields": {"name": "VILLE BRULE (LA)", "marge": null}}, {"model": "store.publisher", "pk": 668, "fields": {"name": "VUIBERT", "marge": null}}, {"model": "store.publisher", "pk": 669, "fields": {"name": "VRIN", "marge": null}}, {"model": "store.categorie", "pk": 123, "fields": {"name": "CLASSIQUE DU MARXISME"}}, {"model": "store.categorie", "pk": 124, "fields": {"name": "ESSAIS ET DOCUMENTS"}}, {"model": "store.categorie", "pk": 125, "fields": {"name": "HISTOIRE GENERALE"}}, {"model": "store.categorie", "pk": 126, "fields": {"name": "LA COMMUNE DE PARIS"}}, {"model": "store.categorie", "pk": 127, "fields": {"name": "MOUVEMENT OUVRIER - XIXème SIECLE"}}, {"model": "store.categorie", "pk": 128, "fields": {"name": "MOUVEMENT OUVRIER - XVIIIème SIECLE"}}, {"model": "store.categorie", "pk": 129, "fields": {"name": "MOUVEMENT OUVRIER - XXème SIECLE"}}, {"model": "store.categorie", "pk": 130, "fields": {"name": "NOTRE SELECTION DU MOIS"}}, {"model": "store.categorie", "pk": 131, "fields": {"name": "OUVRAGES PHILOSOPHIQUES"}}, {"model": "store.categorie", "pk": 132, "fields": {"name": "OUVRAGES SCIENTIFIQUES"}}, {"model": "store.categorie", "pk": 133, "fields": {"name": "OUVRAGES SELIO"}}, {"model": "store.categorie", "pk": 134, "fields": {"name": "REVOLUTION FRANCAISE"}}, {"model": "store.ouvrage", "pk": 161, "fields": {"created_at": "2021-07-11T12:38:10.082Z", "reference": 9782070384075, "title": "\"MA VIE\" SOUVENIRS, REVES ET PENSEES", "publication": 1991, "price": "8.40", "stock": 0, "picture": "", "note": null, "available": true, "auteurs": [226], "editeurs": [572], "categories": []}}, {"model": "store.ouvrage", "pk": 162, "fields": {"created_at": "2021-07-11T12:38:10.191Z", "reference": 0, "title": "14 JUILLET", "publication": 0, "price": "7.80", "stock": 0, "picture": "couv/14-juillet.jpg", "note": "Eric Vuillard fait comme un reportage de rue vivant, près de la Bastille, parmi les gens. Tout a commencé la veille. Nous sommes le 14 juillet 1789. On entend les conversations, les gens sont inquiets. Parmi eux il y a des hommes très déterminés. On sait leur nom; et leur métier. Il y un conflit avec les troupes du roi. Les officiers et les gardes en haut des murs de la Bastille sont affolés. Des femmes en bas, nombreuses, des artisans, boulangers, menuisiers, des hommes qui savent lire aussi. Et des coups de feu maintenant. Le « reporter » suit le groupe qui pénètre dans la cour. Il y déjà des blessés, un mort. On ne peut plus rien arrêter. Personne n’a pensé à demain.", "available": true, "auteurs": [456], "editeurs": [516], "categories": [134]}}, {"model": "store.ouvrage", "pk": 163, "fields": {"created_at": "2021-07-11T12:38:10.290Z", "reference": 9782915727142, "title": "1917, LA REVOLTE DES SOLDATS RUSSES EN FRANCE", "publication": 0, "price": "13.70", "stock": 0, "picture": "couv/1917-la-revolte.jpg", "note": "Chair à canon transférée de Russie vers le front français, 20 000 soldats combattent une armée en compagnie d’une autre armée. Mais le Tsar abdique, la révolution éclate dans leur lointaine Russie. Alors à bas la discipline, à bas les officiers tsaristes. Ils se révoltent contre l’interdiction de rentrer en Russie (Kerensky a bien assez de troupes révoltées à Petrograd). On les déplace et les relègue, échange de bons procédés, à La Courtine, à 600 km du front ! 10 000 se mutinent, l’armée française les bombarde. Chair à canon même des canons “amis”. Ils durent se rendre. Intéressant et bien documenté par des archives peu connues.", "available": true, "auteurs": [3], "editeurs": [521], "categories": [125]}}, {"model": "store.ouvrage", "pk": 164, "fields": {"created_at": "2021-07-11T12:38:10.414Z", "reference": 9782870277713, "title": "1939, PACTE GERMANO SOVIETIQUE", "publication": 1999, "price": "16.90", "stock": 0, "picture": "", "note": "Après avoir démantelé la poussée révolutionnaire en France avec le Front Populaire, anéanti la révolution espagnole par des méthodes de gangster du GPU, démoralisé les ouvriers d’Europe et de Chine, livré le prolétariat allemand au fascisme nazi, les dirigeants staliniens doivent préparer sans le soutien des masses ouvrières l’inévitable : l’attaque nazi contre l’URSS. Aveuglement et panique, imaginent-ils en s’alliant et collaborant avec les fascistes qu’ils vont gagner du temps ? L’armée rouge est décapitée et ils aident la Wehrmacht pour faire échec aux « démocraties occidentales » ! On sait la suite.", "available": true, "auteurs": [403], "editeurs": [536], "categories": [125]}}, {"model": "store.ouvrage", "pk": 165, "fields": {"created_at": "2021-07-11T12:38:10.525Z", "reference": 9782070293193, "title": "6 FEVRIER 1934 (LE)", "publication": 1975, "price": "6.00", "stock": 1, "picture": "couv/6-fevrier-1934.jpg", "note": "Le 6 février 1934, les anciens combattants et les ligues d'extrême droite manifestent dans Paris contre la République des scandales. Le sang coule. Le lendemain, le gouvernement Daladier démissionne. Le drame, apparemment, se dénoue. Serge Berstein reprend ici les dossiers de la commission officielle d'enquête et les confronte, pour la première fois, avec les archives personnelles de Daladier. Dans les figures de l'événement, il retrouve l'expression d'une société en crise. Mais le 6 février, révolution composite et manquée, est aussi un précédent décisif : le temps des radicaux est passé ; la République parlementaire s'est suicidée ; la voie est libre pour d'autres tentatives. (Note de l’éditeur)", "available": true, "auteurs": [49], "editeurs": [572], "categories": [129]}}, {"model": "store.ouvrage", "pk": 166, "fields": {"created_at": "2021-07-11T12:38:10.650Z", "reference": 9782940523962, "title": "A LA CONQUETE DU CAUCASE", "publication": 2018, "price": "16.00", "stock": 1, "picture": "", "note": null, "available": true, "auteurs": [202], "editeurs": [654], "categories": [125]}}, {"model": "store.ouvrage", "pk": 167, "fields": {"created_at": "2021-07-11T12:38:10.833Z", "reference": 9782841112272, "title": "A LA RECHERCHE DE L'HOMME", "publication": null, "price": "21.50", "stock": 0, "picture": "", "note": null, "available": true, "auteurs": [354, 252], "editeurs": [608], "categories": [132]}}, {"model": "store.ouvrage", "pk": 168, "fields": {"created_at": "2021-07-11T12:38:10.965Z", "reference": 9782738111661, "title": "A L'ECOUTE DU VIVANT", "publication": 2005, "price": "29.00", "stock": 1, "picture": "", "note": null, "available": true, "auteurs": [155], "editeurs": [611], "categories": [132]}}, {"model": "store.ouvrage", "pk": 169, "fields": {"created_at": "2021-07-11T12:38:11.070Z", "reference": 9782253005971, "title": "A L'EST D'EDEN", "publication": 1997, "price": "6.95", "stock": 0, "picture": "", "note": null, "available": true, "auteurs": [419], "editeurs": [596], "categories": []}}, {"model": "store.ouvrage", "pk": 170, "fields": {"created_at": "2021-07-11T12:38:11.162Z", "reference": 9782906981294, "title": "ACTUALITE DE JEAN JAURES", "publication": -1, "price": "3.50", "stock": 520, "picture": "couv/actualite-jean-jaures.jpg", "note": "''", "available": true, "auteurs": [203], "editeurs": [645], "categories": [129]}}, {"model": "store.ouvrage", "pk": 171, "fields": {"created_at": "2021-07-11T12:38:11.268Z", "reference": 9782870278093, "title": "ACTUALITE DE L'ETAT PALESTINIEN", "publication": 2000, "price": "14.50", "stock": 0, "picture": "", "note": null, "available": true, "auteurs": [192], "editeurs": [536], "categories": [124]}}, {"model": "store.ouvrage", "pk": 172, "fields": {"created_at": "2021-07-11T12:38:11.377Z", "reference": 9782905283207, "title": "ACTUALITE DU PROGRAMME DE TRANSITION", "publication": 1969, "price": "0.50", "stock": 0, "picture": "", "note": null, "available": true, "auteurs": [193], "editeurs": [665], "categories": []}}, {"model": "store.ouvrage", "pk": 173, "fields": {"created_at": "2021-07-11T12:38:11.468Z", "reference": 9782253045885, "title": "ADOLPHE", "publication": 1988, "price": "3.00", "stock": 0, "picture": "", "note": null, "available": true, "auteurs": [116], "editeurs": [596], "categories": []}}, {"model": "store.ouvrage", "pk": 174, "fields": {"created_at": "2021-07-11T12:38:11.563Z", "reference": 9782070366729, "title": "AFFAIRE CALAS ET AUTRES AFFAIRES (L')", "publication": 1975, "price": "7.30", "stock": 0, "picture": "", "note": "x", "available": true, "auteurs": [454], "editeurs": [573], "categories": [134]}}, {"model": "store.ouvrage", "pk": 175, "fields": {"created_at": "2021-07-11T12:38:11.667Z", "reference": 9782246006954, "title": "AFFAIRE MORO (L')", "publication": 0, "price": "8.90", "stock": 0, "picture": "couv/affaire-moro.jpeg", "note": "« Si ce crime était perpétré, une spirale effrayante s’ouvrirait, que vous ne pourriez affronter. Ce serait votre déroute », écrivait à la direction du parti démocrate-chrétien italien, le 21 avril 1978, Aldo Moro, enlevé par les Brigades rouges, et détenu depuis plus d’un mois dans une « prison du peuple ». Par l’analyse des lettres de captivité de Moro et des communiqués des Brigades rouges, Leonardo Sciascia montre qu’une issue était possible. L’offre d’échange émise par les B.R. devait être prise au sérieux. Le gouvernement italien, les partis politiques (à l’exception des socialistes), le pape Paul VI, partagent donc une écrasante responsabilité.", "available": true, "auteurs": [407], "editeurs": [575], "categories": [124]}}, {"model": "store.ouvrage", "pk": 176, "fields": {"created_at": "2021-07-11T12:38:11.772Z", "reference": 9782870277454, "title": "AGE DES EXTREMES (L')", "publication": 1999, "price": "26.00", "stock": 0, "picture": "couv/l-age-des-extremes.jpg", "note": "Hobshawn entend montrer que le présent mais surtout, sous conditions, l’avenir est tout entier configuré dans cet âge des extrêmes des convulsions du dernier siècle, des guerres mondiales à la chute de l’union soviétique et l’explosion de « l’ultralibéralisme ». Il estime que le capitalisme après la première guerre mondiale a eu encore la capacité limitée à s’adapter pour contrer la révolution, et qu’après la seconde il a pu dans l’extravagance ultralibérale se frayer encore un avenir. Voilà donc un livre qui suscitera des discussions !", "available": true, "auteurs": [201], "editeurs": [536], "categories": [129]}}, {"model": "store.ouvrage", "pk": 177, "fields": {"created_at": "2021-07-11T12:38:11.885Z", "reference": null, "title": "AGONIE DU CAPITALISME ET LES TACHES DE LA IVè INTERNATIONALE - Programme de transition", "publication": null, "price": "5.00", "stock": 0, "picture": "", "note": null, "available": true, "auteurs": [437], "editeurs": [645], "categories": [123]}}, {"model": "store.ouvrage", "pk": 178, "fields": {"created_at": "2021-07-11T12:38:11.989Z", "reference": 9782253006756, "title": "AINSI PARLAIT ZARATHOUSTRA", "publication": 1997, "price": "4.50", "stock": 0, "picture": "", "note": null, "available": true, "auteurs": [317], "editeurs": [596], "categories": []}}, {"model": "store.ouvrage", "pk": 179, "fields": {"created_at": "2021-07-11T12:38:12.080Z", "reference": 9782913319660, "title": "ALGERIE LE SANG DES AUTRES", "publication": 0, "price": "19.50", "stock": 0, "picture": "couv/algerie-le-sang-des-autres.jpg", "note": "x", "available": true, "auteurs": [232], "editeurs": [555], "categories": [124]}}, {"model": "store.ouvrage", "pk": 180, "fields": {"created_at": "2021-07-11T12:38:12.184Z", "reference": 9782070374632, "title": "AMI RETROUVE (L')", "publication": 1983, "price": "5.70", "stock": 1, "picture": "", "note": null, "available": true, "auteurs": [440], "editeurs": [572], "categories": []}}, {"model": "store.ouvrage", "pk": 181, "fields": {"created_at": "2021-07-11T12:38:12.278Z", "reference": 9782253065494, "title": "AMOURS (LES)", "publication": 1997, "price": "6.50", "stock": 1, "picture": "", "note": null, "available": true, "auteurs": [386], "editeurs": [596], "categories": []}}, {"model": "store.ouvrage", "pk": 182, "fields": {"created_at": "2021-07-11T12:38:12.370Z", "reference": 9782897192662, "title": "AN 501 (L')", "publication": 2016, "price": "20.00", "stock": 1, "picture": "", "note": null, "available": true, "auteurs": [98], "editeurs": [550], "categories": []}}, {"model": "store.ouvrage", "pk": 183, "fields": {"created_at": "2021-07-11T12:38:12.462Z", "reference": 9782748903379, "title": "AN I DE LA REVOLUTION RUSSE (L')", "publication": null, "price": "28.00", "stock": 1, "picture": "", "note": null, "available": true, "auteurs": [409], "editeurs": [], "categories": []}}, {"model": "store.ouvrage", "pk": 184, "fields": {"created_at": "2021-07-11T12:38:12.539Z", "reference": 9782738129444, "title": "ANATOMIE IMPERTINENTE", "publication": 2000, "price": "25.90", "stock": 1, "picture": "couv/anatomie-impertinente.jpg", "note": "x", "available": true, "auteurs": [174], "editeurs": [611], "categories": [132]}}, {"model": "store.ouvrage", "pk": 185, "fields": {"created_at": "2021-07-11T12:38:12.644Z", "reference": 9782253170211, "title": "ANNEE DU TIGRE (L')", "publication": 1996, "price": "5.50", "stock": 0, "picture": "", "note": null, "available": true, "auteurs": [199], "editeurs": [601], "categories": []}}, {"model": "store.ouvrage", "pk": 186, "fields": {"created_at": "2021-07-11T12:38:12.736Z", "reference": 9782213616223, "title": "ANNEES DE JEUNESSE 1859-1889 OEUVRES (LES), TOME 1", "publication": 0, "price": "32.00", "stock": 2, "picture": "couv/annees-jeunesses.jpg", "note": "x", "available": true, "auteurs": [218], "editeurs": [562], "categories": [127]}}, {"model": "store.ouvrage", "pk": 187, "fields": {"created_at": "2021-07-11T12:38:12.839Z", "reference": 9782253005438, "title": "ANTHOLOGIE DE LA POESIE FRANCAISE", "publication": 1997, "price": "6.00", "stock": 0, "picture": "", "note": null, "available": true, "auteurs": [358], "editeurs": [596], "categories": []}}, {"model": "store.ouvrage", "pk": 188, "fields": {"created_at": "2021-07-11T12:38:12.939Z", "reference": 9782757003329, "title": "ANTHOLOGIE DES ŒUVRES D'ETIENNE DOLET", "publication": 2016, "price": "18.00", "stock": 2, "picture": "", "note": null, "available": true, "auteurs": [355], "editeurs": [590], "categories": []}}, {"model": "store.ouvrage", "pk": 189, "fields": {"created_at": "2021-07-11T12:38:13.034Z", "reference": 9782912639257, "title": "ANTIDÜHRING", "publication": 2007, "price": "10.00", "stock": 1, "picture": "couv/Antiduhring.jpg", "note": "x", "available": true, "auteurs": [160], "editeurs": [644], "categories": [123]}}, {"model": "store.ouvrage", "pk": 190, "fields": {"created_at": "2021-07-11T12:38:13.139Z", "reference": 9782246771715, "title": "APOCALYPSE BEBE", "publication": 2010, "price": "19.30", "stock": 1, "picture": "", "note": null, "available": true, "auteurs": [141], "editeurs": [575], "categories": []}}, {"model": "store.ouvrage", "pk": 191, "fields": {"created_at": "2021-07-11T12:38:13.230Z", "reference": 9782264001757, "title": "APPEL DE LA FORET (L')", "publication": null, "price": "7.17", "stock": 1, "picture": "", "note": null, "available": true, "auteurs": [267], "editeurs": [497], "categories": []}}, {"model": "store.ouvrage", "pk": 192, "fields": {"created_at": "2021-07-11T12:38:13.321Z", "reference": 9782081208438, "title": "APRES LA FIN DE L'HISTOIRE", "publication": null, "price": "23.00", "stock": 0, "picture": "", "note": null, "available": true, "auteurs": [89], "editeurs": [535], "categories": [124]}}, {"model": "store.ouvrage", "pk": 193, "fields": {"created_at": "2021-07-11T12:38:13.426Z", "reference": 9782213627540, "title": "ARCHIVES CLANDESTINES DU GHETTO DE VARSOVIE - LETTRES SUR L'ANEANTISSEMENT  DES JUIFS DE POLOGNE", "publication": 2007, "price": "26.00", "stock": 1, "picture": "couv/archives-clandestines-ghetto-varsovie.jpg", "note": "x", "available": true, "auteurs": [398, 162], "editeurs": [563], "categories": [125]}}, {"model": "store.ouvrage", "pk": 194, "fields": {"created_at": "2021-07-11T12:38:13.554Z", "reference": 9782866455361, "title": "ARCHIVES DE TIANANMEN (LES)", "publication": 2004, "price": "29.90", "stock": 2, "picture": "", "note": null, "available": true, "auteurs": [469], "editeurs": [564], "categories": [129]}}, {"model": "store.ouvrage", "pk": 195, "fields": {"created_at": "2021-07-11T12:38:13.658Z", "reference": 9782020679886, "title": "ARMEE DE VICHY (L')", "publication": 2006, "price": "12.00", "stock": 0, "picture": "couv/l-armee-de-vichy.jpg", "note": "x", "available": true, "auteurs": [341], "editeurs": [630], "categories": [125]}}, {"model": "store.ouvrage", "pk": 196, "fields": {"created_at": "2021-07-11T12:38:13.762Z", "reference": 0, "title": "ARMEE INDIGENE (L')", "publication": null, "price": "10.00", "stock": 7, "picture": "couv/armee-indigene.jpg", "note": "Qui, en dehors d’Haïti, a déjà entendu parler de la bataille de Vertières, point d’aboutissement spectaculaire et sanglant de la guerre d’indépendance haïtienne? Qui sait que cet affrontement s’est soldé, en 1803, par l’une des pires défaites napoléoniennes? Que les Noirs s’y réclamaient des idéaux de la Révolution? Ceux qui connaissent cette histoire sont peu nombreux, car la France vaincue s’est employée à effacer les traces de sa déconfiture. Pourtant, cette bataille aurait dû faire date : son issue, désastreuse pour la puissance coloniale française, allait fissurer de manière irrémédiable les assises de l’esclavage. (Note de l’Éditeur)", "available": true, "auteurs": [247], "editeurs": [602], "categories": [127]}}, {"model": "store.ouvrage", "pk": 197, "fields": {"created_at": "2021-07-11T12:38:13.866Z", "reference": 9782110811592, "title": "ARMEE NOUVELLE  (L') T.I", "publication": null, "price": "8.99", "stock": 0, "picture": "", "note": null, "available": true, "auteurs": [218], "editeurs": [588], "categories": []}}, {"model": "store.ouvrage", "pk": 198, "fields": {"created_at": "2021-07-11T12:38:13.964Z", "reference": 9782253006626, "title": "ARRACHE-COEUR (L')", "publication": 1968, "price": "5.50", "stock": 3, "picture": "", "note": null, "available": true, "auteurs": [449], "editeurs": [596], "categories": []}}, {"model": "store.ouvrage", "pk": 199, "fields": {"created_at": "2021-07-11T12:38:14.064Z", "reference": 3303331953180, "title": "ASSEMBLEES PARLEMENTAIRES FR", "publication": 2010, "price": "14.50", "stock": 0, "picture": "", "note": null, "available": true, "auteurs": [216], "editeurs": [546], "categories": []}}, {"model": "store.ouvrage", "pk": 200, "fields": {"created_at": "2021-07-11T12:38:14.155Z", "reference": 3303331953180, "title": "ASSEMBLEES PARLEMENTAIRES FRANCAISES  (LES) (N.5318-19)", "publication": null, "price": "14.50", "stock": 1, "picture": "", "note": null, "available": true, "auteurs": [216], "editeurs": [546], "categories": []}}, {"model": "store.ouvrage", "pk": 201, "fields": {"created_at": "2021-07-11T12:38:14.246Z", "reference": 9782080710857, "title": "ASSOMMOIR (L')", "publication": 2000, "price": "6.80", "stock": 1, "picture": "", "note": null, "available": true, "auteurs": [471], "editeurs": [566], "categories": []}}, {"model": "store.ouvrage", "pk": 202, "fields": {"created_at": "2021-07-11T12:38:14.337Z", "reference": 9782253006985, "title": "ASSOMMOIR (L')", "publication": 1997, "price": "4.00", "stock": 1, "picture": "", "note": null, "available": true, "auteurs": [471], "editeurs": [596], "categories": []}}, {"model": "store.ouvrage", "pk": 203, "fields": {"created_at": "2021-07-11T12:38:14.428Z", "reference": 9782868535368, "title": "ATELIER 62", "publication": 2009, "price": "12.00", "stock": 1, "picture": "", "note": null, "available": true, "auteurs": [416], "editeurs": [658], "categories": []}}, {"model": "store.ouvrage", "pk": 204, "fields": {"created_at": "2021-07-11T12:38:14.518Z", "reference": 9782246619215, "title": "AU NOM DE LA CIVILISATION", "publication": null, "price": "27.00", "stock": 0, "picture": "", "note": null, "available": true, "auteurs": [430], "editeurs": [575], "categories": [124]}}, {"model": "store.ouvrage", "pk": 205, "fields": {"created_at": "2021-07-11T12:38:14.622Z", "reference": 9782253019558, "title": "AU PLUS NOIR DE LA NUIT", "publication": 2011, "price": "7.50", "stock": 0, "picture": "", "note": null, "available": true, "auteurs": [69], "editeurs": [596], "categories": []}}, {"model": "store.ouvrage", "pk": 206, "fields": {"created_at": "2021-07-11T12:38:14.714Z", "reference": 9782253194613, "title": "AU REVOIR LA-HAUT", "publication": 2015, "price": "8.70", "stock": -3, "picture": "", "note": null, "available": true, "auteurs": [251], "editeurs": [596], "categories": []}}, {"model": "store.ouvrage", "pk": 208, "fields": {"created_at": "2021-07-27T08:49:25.279Z", "reference": 9782070384075, "title": "\"MA VIE\" SOUVENIRS, REVES ET PENSEES", "publication": 1991, "price": "8.40", "stock": 0, "picture": "", "note": null, "available": true, "auteurs": [226], "editeurs": [572], "categories": []}}, {"model": "store.ouvrage", "pk": 209, "fields": {"created_at": "2021-07-27T08:49:25.602Z", "reference": null, "title": "14 JUILLET", "publication": null, "price": "7.80", "stock": 0, "picture": "", "note": "Eric Vuillard fait comme un reportage de rue vivant, près de la Bastille, parmi les gens. Tout a commencé la veille. Nous sommes le 14 juillet 1789. On entend les conversations, les gens sont inquiets. Parmi eux il y a des hommes très déterminés. On sait leur nom; et leur métier. Il y un conflit avec les troupes du roi. Les officiers et les gardes en haut des murs de la Bastille sont affolés. Des femmes en bas, nombreuses, des artisans, boulangers, menuisiers, des hommes qui savent lire aussi. Et des coups de feu maintenant. Le « reporter » suit le groupe qui pénètre dans la cour. Il y déjà des blessés, un mort. On ne peut plus rien arrêter. Personne n’a pensé à demain.", "available": true, "auteurs": [456], "editeurs": [516], "categories": []}}, {"model": "store.ouvrage", "pk": 210, "fields": {"created_at": "2021-07-27T08:49:25.686Z", "reference": 9782915727142, "title": "1917, LA REVOLTE DES SOLDATS RUSSES EN FRANCE", "publication": null, "price": "13.70", "stock": 0, "picture": "", "note": "Chair à canon transférée de Russie vers le front français, 20 000 soldats combattent une armée en compagnie d’une autre armée. Mais le Tsar abdique, la révolution éclate dans leur lointaine Russie. Alors à bas la discipline, à bas les officiers tsaristes. Ils se révoltent contre l’interdiction de rentrer en Russie (Kerensky a bien assez de troupes révoltées à Petrograd). On les déplace et les relègue, échange de bons procédés, à La Courtine, à 600 km du front ! 10 000 se mutinent, l’armée française les bombarde. Chair à canon même des canons “amis”. Ils durent se rendre. Intéressant et bien documenté par des archives peu connues.", "available": true, "auteurs": [3], "editeurs": [521], "categories": [125]}}, {"model": "store.ouvrage", "pk": 211, "fields": {"created_at": "2021-07-27T08:49:25.802Z", "reference": 9782870277713, "title": "1939, PACTE GERMANO SOVIETIQUE", "publication": 1999, "price": "16.90", "stock": 0, "picture": "", "note": "Après avoir démantelé la poussée révolutionnaire en France avec le Front Populaire, anéanti la révolution espagnole par des méthodes de gangster du GPU, démoralisé les ouvriers d’Europe et de Chine, livré le prolétariat allemand au fascisme nazi, les dirigeants staliniens doivent préparer sans le soutien des masses ouvrières l’inévitable : l’attaque nazi contre l’URSS. Aveuglement et panique, imaginent-ils en s’alliant et collaborant avec les fascistes qu’ils vont gagner du temps ? L’armée rouge est décapitée et ils aident la Wehrmacht pour faire échec aux « démocraties occidentales » ! On sait la suite.", "available": true, "auteurs": [403], "editeurs": [536], "categories": [125]}}, {"model": "store.ouvrage", "pk": 212, "fields": {"created_at": "2021-07-27T08:49:25.902Z", "reference": 9782070293193, "title": "6 FEVRIER 1934 (LE)", "publication": 1975, "price": "6.00", "stock": 1, "picture": "", "note": "Le 6 février 1934, les anciens combattants et les ligues d'extrême droite manifestent dans Paris contre la République des scandales. Le sang coule. Le lendemain, le gouvernement Daladier démissionne. Le drame, apparemment, se dénoue. Serge Berstein reprend ici les dossiers de la commission officielle d'enquête et les confronte, pour la première fois, avec les archives personnelles de Daladier. Dans les figures de l'événement, il retrouve l'expression d'une société en crise. Mais le 6 février, révolution composite et manquée, est aussi un précédent décisif : le temps des radicaux est passé ; la République parlementaire s'est suicidée ; la voie est libre pour d'autres tentatives. (Note de l’éditeur)", "available": true, "auteurs": [49], "editeurs": [572], "categories": [129]}}, {"model": "store.ouvrage", "pk": 213, "fields": {"created_at": "2021-07-27T08:49:26.017Z", "reference": 9782940523962, "title": "A LA CONQUETE DU CAUCASE", "publication": 2018, "price": "16.00", "stock": 1, "picture": "", "note": null, "available": true, "auteurs": [202], "editeurs": [654], "categories": [125]}}, {"model": "store.ouvrage", "pk": 214, "fields": {"created_at": "2021-07-27T08:49:26.120Z", "reference": 9782841112272, "title": "A LA RECHERCHE DE L'HOMME", "publication": null, "price": "21.50", "stock": 0, "picture": "", "note": null, "available": true, "auteurs": [354, 252], "editeurs": [608], "categories": [132]}}, {"model": "store.ouvrage", "pk": 215, "fields": {"created_at": "2021-07-27T08:49:26.250Z", "reference": 9782738111661, "title": "A L'ECOUTE DU VIVANT", "publication": 2005, "price": "29.00", "stock": 1, "picture": "", "note": null, "available": true, "auteurs": [155], "editeurs": [611], "categories": [132]}}, {"model": "store.ouvrage", "pk": 216, "fields": {"created_at": "2021-07-27T08:49:26.352Z", "reference": 9782253005971, "title": "A L'EST D'EDEN", "publication": 1997, "price": "6.95", "stock": 0, "picture": "", "note": null, "available": true, "auteurs": [419], "editeurs": [596], "categories": []}}, {"model": "store.ouvrage", "pk": 217, "fields": {"created_at": "2021-07-27T08:49:26.453Z", "reference": 9782906981294, "title": "ACTUALITE DE JEAN JAURES", "publication": null, "price": "3.50", "stock": 520, "picture": "", "note": null, "available": true, "auteurs": [203], "editeurs": [645], "categories": [129]}}, {"model": "store.ouvrage", "pk": 218, "fields": {"created_at": "2021-07-27T08:49:26.553Z", "reference": 9782870278093, "title": "ACTUALITE DE L'ETAT PALESTINIEN", "publication": 2000, "price": "14.50", "stock": 0, "picture": "", "note": null, "available": true, "auteurs": [192], "editeurs": [536], "categories": [124]}}, {"model": "store.ouvrage", "pk": 219, "fields": {"created_at": "2021-07-27T08:49:26.667Z", "reference": 9782905283207, "title": "ACTUALITE DU PROGRAMME DE TRANSITION", "publication": 1969, "price": "0.50", "stock": 0, "picture": "", "note": null, "available": true, "auteurs": [193], "editeurs": [665], "categories": []}}, {"model": "store.ouvrage", "pk": 220, "fields": {"created_at": "2021-07-27T08:49:26.754Z", "reference": 9782253045885, "title": "ADOLPHE", "publication": 1988, "price": "3.00", "stock": 0, "picture": "", "note": null, "available": true, "auteurs": [116], "editeurs": [596], "categories": []}}, {"model": "store.ouvrage", "pk": 221, "fields": {"created_at": "2021-07-27T08:49:26.852Z", "reference": 9782070366729, "title": "AFFAIRE CALAS ET AUTRES AFFAIRES (L')", "publication": 1975, "price": "7.30", "stock": 0, "picture": "", "note": null, "available": true, "auteurs": [454], "editeurs": [573], "categories": [134]}}, {"model": "store.ouvrage", "pk": 222, "fields": {"created_at": "2021-07-27T08:49:26.951Z", "reference": 9782246006954, "title": "AFFAIRE MORO (L')", "publication": null, "price": "8.90", "stock": 0, "picture": "", "note": "« Si ce crime était perpétré, une spirale effrayante s’ouvrirait, que vous ne pourriez affronter. Ce serait votre déroute », écrivait à la direction du parti démocrate-chrétien italien, le 21 avril 1978, Aldo Moro, enlevé par les Brigades rouges, et détenu depuis plus d’un mois dans une « prison du peuple ». Par l’analyse des lettres de captivité de Moro et des communiqués des Brigades rouges, Leonardo Sciascia montre qu’une issue était possible. L’offre d’échange émise par les B.R. devait être prise au sérieux. Le gouvernement italien, les partis politiques (à l’exception des socialistes), le pape Paul VI, partagent donc une écrasante responsabilité.", "available": true, "auteurs": [407], "editeurs": [575], "categories": [124]}}, {"model": "store.ouvrage", "pk": 223, "fields": {"created_at": "2021-07-27T08:49:27.068Z", "reference": 9782870277454, "title": "AGE DES EXTREMES (L')", "publication": 1999, "price": "26.00", "stock": 0, "picture": "", "note": "Hobshawn entend montrer que le présent mais surtout, sous conditions, l’avenir est tout entier configuré dans cet âge des extrêmes des convulsions du dernier siècle, des guerres mondiales à la chute de l’union soviétique et l’explosion de « l’ultralibéralisme ». Il estime que le capitalisme après la première guerre mondiale a eu encore la capacité limitée à s’adapter pour contrer la révolution, et qu’après la seconde il a pu dans l’extravagance ultralibérale se frayer encore un avenir. Voilà donc un livre qui suscitera des discussions !", "available": true, "auteurs": [201], "editeurs": [536], "categories": [129]}}, {"model": "store.ouvrage", "pk": 224, "fields": {"created_at": "2021-07-27T08:49:27.169Z", "reference": null, "title": "AGONIE DU CAPITALISME ET LES TACHES DE LA IVè INTERNATIONALE - Programme de transition", "publication": null, "price": "5.00", "stock": 0, "picture": "", "note": null, "available": true, "auteurs": [437], "editeurs": [645], "categories": [123]}}, {"model": "store.ouvrage", "pk": 225, "fields": {"created_at": "2021-07-27T08:49:27.268Z", "reference": 9782253006756, "title": "AINSI PARLAIT ZARATHOUSTRA", "publication": 1997, "price": "4.50", "stock": 0, "picture": "", "note": null, "available": true, "auteurs": [317], "editeurs": [596], "categories": []}}, {"model": "store.ouvrage", "pk": 226, "fields": {"created_at": "2021-07-27T08:49:27.369Z", "reference": 9782913319660, "title": "ALGERIE LE SANG DES AUTRES", "publication": null, "price": "19.50", "stock": 0, "picture": "", "note": null, "available": true, "auteurs": [232], "editeurs": [555], "categories": [124]}}, {"model": "store.ouvrage", "pk": 227, "fields": {"created_at": "2021-07-27T08:49:27.485Z", "reference": 9782070374632, "title": "AMI RETROUVE (L')", "publication": 1983, "price": "5.70", "stock": 1, "picture": "", "note": null, "available": true, "auteurs": [440], "editeurs": [572], "categories": []}}, {"model": "store.ouvrage", "pk": 228, "fields": {"created_at": "2021-07-27T08:49:27.582Z", "reference": 9782253065494, "title": "AMOURS (LES)", "publication": 1997, "price": "6.50", "stock": 1, "picture": "", "note": null, "available": true, "auteurs": [386], "editeurs": [596], "categories": []}}, {"model": "store.ouvrage", "pk": 229, "fields": {"created_at": "2021-07-27T08:49:27.683Z", "reference": 9782897192662, "title": "AN 501 (L')", "publication": 2016, "price": "20.00", "stock": 1, "picture": "", "note": null, "available": true, "auteurs": [98], "editeurs": [550], "categories": []}}, {"model": "store.ouvrage", "pk": 230, "fields": {"created_at": "2021-07-27T08:49:27.769Z", "reference": 9782748903379, "title": "AN I DE LA REVOLUTION RUSSE (L')", "publication": null, "price": "28.00", "stock": 1, "picture": "", "note": null, "available": true, "auteurs": [409], "editeurs": [], "categories": []}}, {"model": "store.ouvrage", "pk": 231, "fields": {"created_at": "2021-07-27T08:49:27.852Z", "reference": 9782738129444, "title": "ANATOMIE IMPERTINENTE", "publication": 2000, "price": "25.90", "stock": 1, "picture": "", "note": null, "available": true, "auteurs": [174], "editeurs": [611], "categories": [132]}}, {"model": "store.ouvrage", "pk": 232, "fields": {"created_at": "2021-07-27T08:49:27.951Z", "reference": 9782253170211, "title": "ANNEE DU TIGRE (L')", "publication": 1996, "price": "5.50", "stock": 0, "picture": "", "note": null, "available": true, "auteurs": [199], "editeurs": [601], "categories": []}}, {"model": "store.ouvrage", "pk": 233, "fields": {"created_at": "2021-07-27T08:49:28.052Z", "reference": 9782213616223, "title": "ANNEES DE JEUNESSE 1859-1889 OEUVRES (LES), TOME 1", "publication": null, "price": "32.00", "stock": 2, "picture": "", "note": null, "available": true, "auteurs": [218], "editeurs": [562], "categories": [127]}}, {"model": "store.ouvrage", "pk": 234, "fields": {"created_at": "2021-07-27T08:49:28.151Z", "reference": 9782253005438, "title": "ANTHOLOGIE DE LA POESIE FRANCAISE", "publication": 1997, "price": "6.00", "stock": 0, "picture": "", "note": null, "available": true, "auteurs": [358], "editeurs": [596], "categories": []}}, {"model": "store.ouvrage", "pk": 235, "fields": {"created_at": "2021-07-27T08:49:28.251Z", "reference": 9782757003329, "title": "ANTHOLOGIE DES ŒUVRES D'ETIENNE DOLET", "publication": 2016, "price": "18.00", "stock": 2, "picture": "", "note": null, "available": true, "auteurs": [355], "editeurs": [590], "categories": []}}, {"model": "store.ouvrage", "pk": 236, "fields": {"created_at": "2021-07-27T08:49:28.335Z", "reference": 9782912639257, "title": "ANTIDÜHRING", "publication": 2007, "price": "10.00", "stock": 1, "picture": "", "note": null, "available": true, "auteurs": [160], "editeurs": [644], "categories": [123]}}, {"model": "store.ouvrage", "pk": 237, "fields": {"created_at": "2021-07-27T08:49:28.435Z", "reference": 9782246771715, "title": "APOCALYPSE BEBE", "publication": 2010, "price": "19.30", "stock": 1, "picture": "", "note": null, "available": true, "auteurs": [141], "editeurs": [575], "categories": []}}, {"model": "store.ouvrage", "pk": 238, "fields": {"created_at": "2021-07-27T08:49:28.551Z", "reference": 9782264001757, "title": "APPEL DE LA FORET (L')", "publication": null, "price": "7.17", "stock": 1, "picture": "", "note": null, "available": true, "auteurs": [267], "editeurs": [497], "categories": []}}, {"model": "store.ouvrage", "pk": 239, "fields": {"created_at": "2021-07-27T08:49:28.648Z", "reference": 9782081208438, "title": "APRES LA FIN DE L'HISTOIRE", "publication": null, "price": "23.00", "stock": 0, "picture": "", "note": null, "available": true, "auteurs": [89], "editeurs": [535], "categories": [124]}}, {"model": "store.ouvrage", "pk": 240, "fields": {"created_at": "2021-07-27T08:49:28.755Z", "reference": 9782213627540, "title": "ARCHIVES CLANDESTINES DU GHETTO DE VARSOVIE - LETTRES SUR L'ANEANTISSEMENT  DES JUIFS DE POLOGNE", "publication": 2007, "price": "26.00", "stock": 1, "picture": "", "note": null, "available": true, "auteurs": [398, 162], "editeurs": [563], "categories": [125]}}, {"model": "store.ouvrage", "pk": 241, "fields": {"created_at": "2021-07-27T08:49:28.894Z", "reference": 9782866455361, "title": "ARCHIVES DE TIANANMEN (LES)", "publication": 2004, "price": "29.90", "stock": 2, "picture": "", "note": null, "available": true, "auteurs": [469], "editeurs": [564], "categories": [129]}}, {"model": "store.ouvrage", "pk": 242, "fields": {"created_at": "2021-07-27T08:49:28.994Z", "reference": 9782020679886, "title": "ARMEE DE VICHY (L')", "publication": 2006, "price": "12.00", "stock": 0, "picture": "", "note": null, "available": true, "auteurs": [341], "editeurs": [630], "categories": [125]}}, {"model": "store.ouvrage", "pk": 243, "fields": {"created_at": "2021-07-27T08:49:29.110Z", "reference": null, "title": "ARMEE INDIGENE (L')", "publication": null, "price": "10.00", "stock": 0, "picture": "", "note": "Qui, en dehors d’Haïti, a déjà entendu parler de la bataille de Vertières, point d’aboutissement spectaculaire et sanglant de la guerre d’indépendance haïtienne? Qui sait que cet affrontement s’est soldé, en 1803, par l’une des pires défaites napoléoniennes? Que les Noirs s’y réclamaient des idéaux de la Révolution? Ceux qui connaissent cette histoire sont peu nombreux, car la France vaincue s’est employée à effacer les traces de sa déconfiture. Pourtant, cette bataille aurait dû faire date : son issue, désastreuse pour la puissance coloniale française, allait fissurer de manière irrémédiable les assises de l’esclavage. (Note de l’Éditeur)", "available": true, "auteurs": [247], "editeurs": [602], "categories": [127]}}, {"model": "store.ouvrage", "pk": 244, "fields": {"created_at": "2021-07-27T08:49:29.210Z", "reference": 9782110811592, "title": "ARMEE NOUVELLE  (L') T.I", "publication": null, "price": "8.99", "stock": 0, "picture": "", "note": null, "available": true, "auteurs": [218], "editeurs": [588], "categories": []}}, {"model": "store.ouvrage", "pk": 245, "fields": {"created_at": "2021-07-27T08:49:29.310Z", "reference": 9782253006626, "title": "ARRACHE-COEUR (L')", "publication": 1968, "price": "5.50", "stock": 3, "picture": "", "note": null, "available": true, "auteurs": [449], "editeurs": [596], "categories": []}}, {"model": "store.ouvrage", "pk": 246, "fields": {"created_at": "2021-07-27T08:49:29.413Z", "reference": 3303331953180, "title": "ASSEMBLEES PARLEMENTAIRES FR", "publication": 2010, "price": "14.50", "stock": 0, "picture": "", "note": null, "available": true, "auteurs": [216], "editeurs": [546], "categories": []}}, {"model": "store.ouvrage", "pk": 247, "fields": {"created_at": "2021-07-27T08:49:29.516Z", "reference": 3303331953180, "title": "ASSEMBLEES PARLEMENTAIRES FRANCAISES  (LES) (N.5318-19)", "publication": null, "price": "14.50", "stock": 1, "picture": "", "note": null, "available": true, "auteurs": [216], "editeurs": [546], "categories": []}}, {"model": "store.ouvrage", "pk": 248, "fields": {"created_at": "2021-07-27T08:49:29.621Z", "reference": 9782080710857, "title": "ASSOMMOIR (L')", "publication": 2000, "price": "6.80", "stock": 1, "picture": "", "note": null, "available": true, "auteurs": [471], "editeurs": [566], "categories": []}}, {"model": "store.ouvrage", "pk": 249, "fields": {"created_at": "2021-07-27T08:49:29.723Z", "reference": 9782253006985, "title": "ASSOMMOIR (L')", "publication": 1997, "price": "4.00", "stock": 1, "picture": "", "note": null, "available": true, "auteurs": [471], "editeurs": [596], "categories": []}}, {"model": "store.ouvrage", "pk": 250, "fields": {"created_at": "2021-07-27T08:49:29.833Z", "reference": 9782868535368, "title": "ATELIER 62", "publication": 2009, "price": "12.00", "stock": 1, "picture": "", "note": null, "available": true, "auteurs": [416], "editeurs": [658], "categories": []}}, {"model": "store.ouvrage", "pk": 251, "fields": {"created_at": "2021-07-27T08:49:29.931Z", "reference": 9782246619215, "title": "AU NOM DE LA CIVILISATION", "publication": null, "price": "27.00", "stock": 0, "picture": "", "note": null, "available": true, "auteurs": [430], "editeurs": [575], "categories": [124]}}, {"model": "store.ouvrage", "pk": 252, "fields": {"created_at": "2021-07-27T08:49:30.041Z", "reference": 9782253019558, "title": "AU PLUS NOIR DE LA NUIT", "publication": 2011, "price": "7.50", "stock": 0, "picture": "", "note": null, "available": true, "auteurs": [69], "editeurs": [596], "categories": []}}, {"model": "store.ouvrage", "pk": 253, "fields": {"created_at": "2021-07-27T08:49:30.136Z", "reference": 9782253194613, "title": "AU REVOIR LA-HAUT", "publication": 2015, "price": "8.70", "stock": 0, "picture": "", "note": null, "available": true, "auteurs": [251], "editeurs": [596], "categories": []}}, {"model": "store.ouvrage", "pk": 254, "fields": {"created_at": "2021-07-27T08:49:30.233Z", "reference": 9782905283214, "title": "", "publication": null, "price": null, "stock": 0, "picture": "", "note": null, "available": true, "auteurs": [106], "editeurs": [665], "categories": []}}, {"model": "store.history", "pk": 1, "fields": {"created_at": "2021-07-26T17:52:35.941Z", "reference": 0, "title": "ARMEE INDIGENE (L')", "auteurs": "store.Author.None", "editeurs": "store.Publisher.None", "price": "10.00", "catPrice": "SELIO", "payment": "Espèces", "quantity": 1, "date": "2021-07-26", "comment": ""}}, {"model": "store.history", "pk": 2, "fields": {"created_at": "2021-07-26T17:59:44.810Z", "reference": 0, "title": "ARMEE INDIGENE (L')", "auteurs": "store.Author.None", "editeurs": "store.Publisher.None", "price": "10.00", "catPrice": "SELIO", "payment": "Espèces", "quantity": 1, "date": "2021-07-26", "comment": ""}}, {"model": "store.history", "pk": 3, "fields": {"created_at": "2021-07-26T18:46:35.986Z", "reference": 0, "title": "ARMEE INDIGENE (L')", "auteurs": "LE GLAUNEC", "editeurs": "LUX / HARMONIA MUNDI", "price": "10.00", "catPrice": "SELIO", "payment": "Espèces", "quantity": 1, "date": "2021-07-26", "comment": ""}}, {"model": "store.history", "pk": 4, "fields": {"created_at": "2021-07-26T19:29:20.443Z", "reference": 9782253194613, "title": "AU REVOIR LA-HAUT", "auteurs": "LEMAITRE", "editeurs": "LGF- LIVRE DE POCHE", "price": "8.70", "catPrice": "SELIO", "payment": "Espèces", "quantity": 1, "date": "2021-07-26", "comment": ""}}]